station_id,ps_cd_mha,name,district,district_raw,kind,latitude,longitude,thana_id,match_method,name_agreement
BH-PS-5140003,5140003,ARARIA,ARARIA,ARARIA,territorial,26.1358,87.4659,BH-5140077,spatial+name,0.857
BH-PS-5140012,5140012,SIKTI,ARARIA,ARARIA,territorial,26.405,87.5483,BH-5140012,spatial+name,1.0
BH-PS-5140014,5140014,BHARGAWAN,ARARIA,ARARIA,territorial,26.0629,87.1335,BH-5140014,spatial+name,0.824
BH-PS-5140027,5140027,FORBESGANJ,ARARIA,ARARIA,territorial,26.2931,87.2654,BH-5140027,spatial+name,1.0
BH-PS-5140031,5140031,JOGBANI,ARARIA,ARARIA,territorial,26.3902,87.2564,BH-5140082,spatial-only,0.4
BH-PS-5140043,5140043,KURSAKANTA,ARARIA,ARARIA,territorial,26.3643,87.4418,BH-5140043,spatial+name,1.0
BH-PS-5140051,5140051,NARPATGANJ,ARARIA,ARARIA,territorial,26.3385,87.1069,BH-5140051,spatial+name,0.952
BH-PS-5140055,5140055,PALASI,ARARIA,ARARIA,territorial,26.2379,87.5638,BH-5140055,spatial+name,1.0
BH-PS-5140061,5140061,RANIGANJ,ARARIA,ARARIA,territorial,26.0796,87.2392,BH-5140061,spatial+name,1.0
BH-PS-5140072,5140072,JOKIHAT,ARARIA,ARARIA,territorial,26.1396,87.6162,BH-5140072,spatial+name,1.0
BH-PS-5140075,5140075,MAHILA,ARARIA,ARARIA,mahila,26.1342,87.4652,,located-in-BH-5140077-not-mapped,0.429
BH-PS-5140076,5140076,SC/ST,ARARIA,ARARIA,sc_st,26.1342,87.4652,,located-in-BH-5140077-not-mapped,0.167
BH-PS-5140077,5140077,Araria Prohibition,ARARIA,ARARIA,prohibition,26.13248,87.461069,,located-in-BH-5140077-not-mapped,0.56
BH-PS-5141001,5141001,ARWAL,ARWAL,ARWAL,territorial,25.247,84.6651,BH-5141001,spatial+name,1.0
BH-PS-5141002,5141002,KALER,ARWAL,ARWAL,territorial,25.1028,84.4743,BH-5141002,spatial+name,1.0
BH-PS-5141003,5141003,KARPI,ARWAL,ARWAL,territorial,25.1641,84.7326,BH-5141003,spatial+name,1.0
BH-PS-5141004,5141004,KINJAR,ARWAL,ARWAL,territorial,25.2176,84.836,BH-5141004,spatial+name,1.0
BH-PS-5141005,5141005,KURTHA,ARWAL,ARWAL,territorial,25.126,84.81,BH-5141005,spatial+name,1.0
BH-PS-5141006,5141006,MAHILA,ARWAL,ARWAL,mahila,25.247,84.6651,,located-in-BH-5141001-not-mapped,0.364
BH-PS-5141007,5141007,MEHANDIA,ARWAL,ARWAL,territorial,25.1469,84.5516,BH-5141007,spatial+name,1.0
BH-PS-5141008,5141008,PARASI,ARWAL,ARWAL,territorial,25.1846,84.567,BH-5141008,spatial+name,1.0
BH-PS-5141009,5141009,RAMPUR CHAURAM,ARWAL,ARWAL,territorial,25.1801,84.6562,BH-5141009,spatial+name,1.0
BH-PS-5141010,5141010,SC/ST,ARWAL,ARWAL,sc_st,25.2255,84.6436,,located-in-BH-5141001-not-mapped,0.0
BH-PS-5141011,5141011,Banshi,ARWAL,ARWAL,territorial,25.1144,84.7284,BH-5141011,spatial+name,1.0
BH-PS-5141012,5141012,Arwal Prohibition,ARWAL,ARWAL,prohibition,25.241845,84.666542,,located-in-BH-5141001-not-mapped,0.476
BH-PS-5137002,5137002,AMBA,AURANGABAD,AURANGABAD,territorial,24.6285,84.2867,BH-5137002,spatial+name,1.0
BH-PS-5137003,5137003,MUFASSIL,AURANGABAD,AURANGABAD,territorial,24.7371,84.4059,BH-5137003,spatial+name,1.0
BH-PS-5137004,5137004,NAGAR,AURANGABAD,AURANGABAD,territorial,24.7473,84.3817,BH-5137003,spatial-only,0.167
BH-PS-5137008,5137008,BARUN,AURANGABAD,AURANGABAD,territorial,24.8709,84.2144,BH-5137008,spatial+name,1.0
BH-PS-5137017,5137017,DAUD NAGAR,AURANGABAD,AURANGABAD,territorial,25.0349,84.4001,BH-5137017,spatial+name,1.0
BH-PS-5137018,5137018,DEO,AURANGABAD,AURANGABAD,territorial,24.6631,84.4293,BH-5137018,spatial+name,1.0
BH-PS-5137019,5137019,DEVKUND,AURANGABAD,AURANGABAD,territorial,25.0917,84.6196,BH-5137019,spatial+name,0.857
BH-PS-5137020,5137020,DHIBRA,AURANGABAD,AURANGABAD,territorial,24.5806,84.3781,BH-5137020,spatial+name,1.0
BH-PS-5137027,5137027,GOH,AURANGABAD,AURANGABAD,territorial,24.9818,84.6521,BH-5137027,spatial+name,1.0
BH-PS-5137032,5137032,HASPURA,AURANGABAD,AURANGABAD,territorial,25.0648,84.5495,BH-5137032,spatial+name,1.0
BH-PS-5137035,5137035,JAMHAUR,AURANGABAD,AURANGABAD,territorial,24.855,84.3245,BH-5137035,spatial-only,0.714
BH-PS-5137047,5137047,KASMA,AURANGABAD,AURANGABAD,territorial,24.7435,84.6749,BH-5137047,spatial+name,1.0
BH-PS-5137048,5137048,KUTUMBA,AURANGABAD,AURANGABAD,territorial,24.6152,84.2326,BH-5137048,spatial+name,1.0
BH-PS-5137049,5137049,MADANPUR,AURANGABAD,AURANGABAD,territorial,24.6541,84.5858,BH-5137049,spatial+name,1.0
BH-PS-5137050,5137050,MALI,AURANGABAD,AURANGABAD,territorial,24.6862,84.2349,BH-5137050,spatial+name,1.0
BH-PS-5137053,5137053,PAUTHU,AURANGABAD,AURANGABAD,territorial,24.9206,84.537,BH-5137053,spatial+name,1.0
BH-PS-5137054,5137054,NABINAGAR,AURANGABAD,AURANGABAD,territorial,24.6006,84.1306,BH-5137054,spatial+name,1.0
BH-PS-5137060,5137060,OBRA,AURANGABAD,AURANGABAD,territorial,24.888,84.3723,BH-5137060,spatial+name,1.0
BH-PS-5137068,5137068,RAFIGANJ,AURANGABAD,AURANGABAD,territorial,24.8159,84.6313,BH-5137068,spatial+name,1.0
BH-PS-5137069,5137069,RISHIYAP,AURANGABAD,AURANGABAD,territorial,24.6945,84.3092,BH-5137069,spatial+name,0.923
BH-PS-5137072,5137072,UPHARA,AURANGABAD,AURANGABAD,territorial,25.0794,84.6922,BH-5137072,spatial-only,0.667
BH-PS-5137073,5137073,FESAR,AURANGABAD,AURANGABAD,territorial,24.8401,84.4176,BH-5137073,spatial+name,1.0
BH-PS-5137074,5137074,KHAIRA,AURANGABAD,AURANGABAD,territorial,24.7092,84.1008,BH-5137074,spatial-only,0.714
BH-PS-5137075,5137075,KHUDWAN,AURANGABAD,AURANGABAD,territorial,24.9645,84.4885,BH-5137075,spatial+name,1.0
BH-PS-5137076,5137076,MAHILA,AURANGABAD,AURANGABAD,mahila,24.7473,84.3817,,located-in-BH-5137003-not-mapped,0.615
BH-PS-5137077,5137077,NARARI KALA KHURD,AURANGABAD,AURANGABAD,territorial,24.7826,84.1536,BH-5137001,spatial-only,0.211
BH-PS-5137078,5137078,SALAIYA,AURANGABAD,AURANGABAD,territorial,24.7046,84.6132,BH-5137078,spatial+name,1.0
BH-PS-5137079,5137079,SC/ST,AURANGABAD,AURANGABAD,sc_st,24.7474,84.3816,,located-in-BH-5137003-not-mapped,0.182
BH-PS-5137080,5137080,SIMRA,AURANGABAD,AURANGABAD,territorial,24.6824,84.3514,BH-5137080,spatial+name,1.0
BH-PS-5137081,5137081,TANRWA,AURANGABAD,AURANGABAD,territorial,24.5467,84.1381,BH-5137081,spatial+name,0.833
BH-PS-5137082,5137082,Azan,AURANGABAD,AURANGABAD,territorial,24.6386,84.5225,BH-5137049,spatial-only,0.5
BH-PS-5137083,5137083,Bandeya,AURANGABAD,AURANGABAD,territorial,24.919,84.6809,BH-5137083,spatial+name,1.0
BH-PS-5137087,5137087,Aurangabad Prohibition,AURANGABAD,AURANGABAD,prohibition,24.755117,84.3,,located-in-BH-5137077-not-mapped,0.229
BH-PS-5803001,5803001,WALMIKINAGAR,BAGAHA,BAGAHA,territorial,27.425,83.9026,BH-5803001,spatial+name,1.0
BH-PS-5803002,5803002,Bhitaha,BAGAHA,BAGAHA,territorial,26.913827,84.160859,BH-5803048,spatial+name,0.923
BH-PS-5803005,5803005,BAGAHA,BAGAHA,BAGAHA,territorial,27.1002,84.0918,BH-5127013,spatial-only,0.375
BH-PS-5803010,5803010,THAKRAHAN,BAGAHA,BAGAHA,territorial,26.7497,84.2645,,district-conflict,0.0
BH-PS-5803014,5803014,DHANAHA,BAGAHA,BAGAHA,territorial,26.9507,84.1505,BH-5803014,spatial+name,1.0
BH-PS-5803016,5803016,CHAUTARVA,BAGAHA,BAGAHA,territorial,27.0494,84.2286,BH-5803016,spatial+name,1.0
BH-PS-5803017,5803017,LAUKARIA,BAGAHA,BAGAHA,territorial,27.3033,84.0187,BH-5803017,spatial+name,1.0
BH-PS-5803022,5803022,GOBARDHANA,BAGAHA,BAGAHA,territorial,27.2882,84.3412,BH-5803022,spatial+name,0.9
BH-PS-5803023,5803023,RAMNAGAR,BAGAHA,BAGAHA,territorial,27.1718,84.3361,BH-5803023,spatial+name,1.0
BH-PS-5803027,5803027,SEMRA,BAGAHA,BAGAHA,territorial,27.216,84.1251,BH-5803027,spatial+name,1.0
BH-PS-5803030,5803030,PIPRASI,BAGAHA,BAGAHA,territorial,27.0637,84.0182,BH-5803030,spatial+name,1.0
BH-PS-5803041,5803041,NAURANGIA,BAGAHA,BAGAHA,territorial,27.2612,83.9944,BH-5803041,spatial+name,1.0
BH-PS-5803042,5803042,GOBRAHIYA,BAGAHA,BAGAHA,territorial,26.9379,84.0498,BH-5803014,spatial-only,0.4
BH-PS-5797001,5797001,AMARPUR,BANKA,BANKA,territorial,25.0414,86.8997,BH-5797001,spatial+name,1.0
BH-PS-5797002,5797002,DHORAIYA,BANKA,BANKA,territorial,24.9788,87.136,BH-5797002,spatial+name,0.857
BH-PS-5797005,5797005,BANKA,BANKA,BANKA,territorial,24.892,86.9149,BH-5797005,spatial+name,1.0
BH-PS-5797008,5797008,BAUNSI,BANKA,BANKA,territorial,24.8145,87.023,BH-5797008,spatial+name,0.909
BH-PS-5797009,5797009,BELHAR,BANKA,BANKA,territorial,24.9207,86.5949,BH-5797009,spatial+name,1.0
BH-PS-5797028,5797028,CHANDAN,BANKA,BANKA,territorial,24.6144,86.6653,BH-5797028,spatial+name,0.923
BH-PS-5797029,5797029,KATORIA,BANKA,BANKA,territorial,24.7478,86.7226,BH-5797029,spatial+name,1.0
BH-PS-5797045,5797045,RAJAUN,BANKA,BANKA,territorial,24.9987,86.989,BH-5797045,spatial+name,1.0
BH-PS-5797046,5797046,SC/ST,BANKA,BANKA,sc_st,24.887,86.9213,,located-in-BH-5797005-not-mapped,0.0
BH-PS-5797047,5797047,MAHILA,BANKA,BANKA,mahila,24.8868,86.9209,,located-in-BH-5797005-not-mapped,0.364
BH-PS-5797048,5797048,Bandhua Kudawali,BANKA,BANKA,territorial,24.7159,86.944,BH-5797048,spatial+name,0.857
BH-PS-5797049,5797049,Dhankund,BANKA,BANKA,territorial,25.0877,87.0946,BH-5797002,spatial-only,0.4
BH-PS-5797050,5797050,Jaipur,BANKA,BANKA,territorial,24.5838,86.8425,BH-5797050,spatial+name,1.0
BH-PS-5797051,5797051,SHAMBHUGANJ,BANKA,BANKA,territorial,25.0837,86.7281,BH-5797051,spatial+name,1.0
BH-PS-5797056,5797056,Suiya,BANKA,BANKA,territorial,24.834,86.6598,BH-5797056,spatial+name,1.0
BH-PS-5797057,5797057,Banka Prohibition,BANKA,BANKA,prohibition,24.89291,86.91318,,located-in-BH-5797005-not-mapped,0.476
BH-PS-5102001,5102001,SAMHO,BEGUSARAI,BEGUSARAI,territorial,25.297,86.1938,BH-5102001,spatial-only,0.526
BH-PS-5102002,5102002,BIRPUR,BEGUSARAI,BEGUSARAI,territorial,25.3,85.2026,,district-conflict,0.0
BH-PS-5102005,5102005,BACHHWARA,BEGUSARAI,BEGUSARAI,territorial,25.3502,85.5417,,district-conflict,0.0
BH-PS-5102006,5102006,BAKHARI,BEGUSARAI,BEGUSARAI,territorial,25.6085,86.1554,BH-5102004,spatial-only,0.308
BH-PS-5102007,5102007,BALIA,BEGUSARAI,BEGUSARAI,territorial,25.4166,86.1293,BH-5102038,spatial-only,0.333
BH-PS-5102008,5102008,BARAUNI,BEGUSARAI,BEGUSARAI,territorial,25.2712,86.0143,,district-conflict,0.0
BH-PS-5102010,5102010,BEGUSARAI TOWN,BEGUSARAI,BEGUSARAI,territorial,25.4152,86.1353,BH-5102038,spatial-only,0.3
BH-PS-5102013,5102013,CHERIYABARIYAR PUR,BEGUSARAI,BEGUSARAI,territorial,25.3448,86.053,,district-conflict,0.0
BH-PS-5102016,5102016,GARHPURA,BEGUSARAI,BEGUSARAI,territorial,25.4163,86.1253,BH-5102038,spatial-only,0.133
BH-PS-5102027,5102027,KHODAWANDPUR,BEGUSARAI,BEGUSARAI,territorial,25.6635,86.0283,BH-5102027,spatial-only,0.818
BH-PS-5102031,5102031,MATIHANI,BEGUSARAI,BEGUSARAI,territorial,25.3667,86.1664,BH-5102031,spatial+name,1.0
BH-PS-5102032,5102032,MASUR CHAK,BEGUSARAI,BEGUSARAI,territorial,25.6242,85.9242,BH-5102032,spatial+name,0.947
BH-PS-5102033,5102033,NAYAGAON,BEGUSARAI,BEGUSARAI,territorial,25.4167,86.1333,BH-5102038,spatial-only,0.267
BH-PS-5102034,5102034,NIMACHAND PUR,BEGUSARAI,BEGUSARAI,territorial,25.494,86.2001,BH-5102034,spatial+name,0.96
BH-PS-5102035,5102035,NAWA KOTHI,BEGUSARAI,BEGUSARAI,territorial,25.3112,86.1156,BH-5102031,spatial-only,0.235
BH-PS-5102036,5102036,PHULWARIA,BEGUSARAI,BEGUSARAI,territorial,25.4712,85.9777,BH-5102040,spatial-only,0.154
BH-PS-5102037,5102037,SAHEBPUR KAMAL,BEGUSARAI,BEGUSARAI,territorial,25.3754,86.2412,BH-5102007,spatial-only,0.333
BH-PS-5102038,5102038,BEGUSARAI MUFASSIL,BEGUSARAI,BEGUSARAI,territorial,25.417,86.1286,BH-5102038,spatial-only,0.609
BH-PS-5102040,5102040,TEGHRA,BEGUSARAI,BEGUSARAI,territorial,25.5014,85.9409,BH-5102040,spatial+name,1.0
BH-PS-5102041,5102041,BHAGWANPUR,BEGUSARAI,BEGUSARAI,territorial,25.5439,86.0065,BH-5102041,spatial+name,1.0
BH-PS-5102042,5102042,DANDARI,BEGUSARAI,BEGUSARAI,territorial,25.4167,86.1332,BH-5102038,spatial-only,0.286
BH-PS-5102043,5102043,MAHILA,BEGUSARAI,BEGUSARAI,mahila,25.4152,86.1353,,located-in-BH-5102038-not-mapped,0.615
BH-PS-5102046,5102046,Begusarai Prohibition,BEGUSARAI,BEGUSARAI,prohibition,25.414912,86.136702,,located-in-BH-5102038-not-mapped,0.222
BH-PS-5127004,5127004,BALTHAR,WEST CHAMPARAN,BETIAH,territorial,27.027,84.635,BH-5127024,spatial-only,0.167
BH-PS-5127005,5127005,BHANGAHA,WEST CHAMPARAN,BETIAH,territorial,27.1915,84.6817,BH-5127019,spatial-only,0.235
BH-PS-5127007,5127007,MUFASSIL,WEST CHAMPARAN,BETIAH,territorial,26.8009,84.5351,BH-5127007,spatial-only,0.7
BH-PS-5127008,5127008,BAIRIYA,WEST CHAMPARAN,BETIAH,territorial,26.7527,84.4481,BH-5127008,spatial+name,0.909
BH-PS-5127009,5127009,CHANPATIA,WEST CHAMPARAN,BETIAH,territorial,26.9454,84.5524,BH-5127009,spatial+name,1.0
BH-PS-5127011,5127011,GAUNAHA,WEST CHAMPARAN,BETIAH,territorial,27.285887,84.519677,BH-5127011,spatial+name,1.0
BH-PS-5127012,5127012,YOGAPATTI,WEST CHAMPARAN,BETIAH,territorial,26.9016,84.3557,BH-5127012,spatial+name,1.0
BH-PS-5127015,5127015,GOPALPUR,WEST CHAMPARAN,BETIAH,territorial,27.0087,84.633,BH-5127024,spatial-only,0.154
BH-PS-5127018,5127018,LAURIA,WEST CHAMPARAN,BETIAH,territorial,26.9941,84.4053,BH-5127018,spatial+name,1.0
BH-PS-5127019,5127019,MAINATAND,WEST CHAMPARAN,BETIAH,territorial,27.1005,84.6465,BH-5127019,spatial+name,1.0
BH-PS-5127020,5127020,MAJHAULIA,WEST CHAMPARAN,BETIAH,territorial,26.7984,84.6231,BH-5127020,spatial+name,0.947
BH-PS-5127021,5127021,NAUTAN,WEST CHAMPARAN,BETIAH,territorial,26.7121,84.4787,BH-5127021,spatial+name,1.0
BH-PS-5127024,5127024,SIKTA,WEST CHAMPARAN,BETIAH,territorial,27.0262,84.6811,BH-5127024,spatial+name,1.0
BH-PS-5127025,5127025,SHIKARPUR,WEST CHAMPARAN,BETIAH,territorial,27.1118,84.4665,BH-5127010,spatial-only,0.19
BH-PS-5127026,5127026,SATHI,WEST CHAMPARAN,BETIAH,territorial,27.0182,84.5068,BH-5127010,spatial-only,0.353
BH-PS-5127031,5127031,Traffic,WEST CHAMPARAN,BETIAH,traffic,26.80122,84.50991,,located-in-BH-5127006-not-mapped,0.235
BH-PS-5127032,5127032,INARWA,WEST CHAMPARAN,BETIAH,territorial,27.1351,84.6769,BH-5127019,spatial-only,0.533
BH-PS-5127033,5127033,KANGLI,WEST CHAMPARAN,BETIAH,territorial,27.0057,84.7348,BH-5127024,spatial-only,0.364
BH-PS-5127035,5127035,PURUSHOTTAMPUR,WEST CHAMPARAN,BETIAH,territorial,27.0491,84.6368,BH-5127019,spatial-only,0.182
BH-PS-5127045,5127045,MANPUR,WEST CHAMPARAN,BETIAH,territorial,27.2737,84.6348,BH-5127019,spatial-only,0.4
BH-PS-5127047,5127047,MATIARIA,WEST CHAMPARAN,BETIAH,territorial,27.2886,84.3671,BH-5127011,spatial-only,0.4
BH-PS-5127055,5127055,SAHODARA,WEST CHAMPARAN,BETIAH,territorial,27.2801,84.5701,BH-5127011,spatial-only,0.4
BH-PS-5127057,5127057,SRINAGAR,WEST CHAMPARAN,BETIAH,territorial,26.675,84.3901,,none,0.0
BH-PS-5127060,5127060,Bettiah Prohibition,WEST CHAMPARAN,BETIAH,prohibition,26.808575,84.500182,,located-in-BH-5127006-not-mapped,0.5
BH-PS-5792001,5792001,ADHAURA,KAIMUR (BHABUA),BHABHUA,territorial,24.6981,83.613,BH-5792001,spatial+name,1.0
BH-PS-5792002,5792002,BHAGWANPUR,KAIMUR (BHABUA),BHABHUA,territorial,24.9619,83.609,BH-5792002,spatial+name,1.0
BH-PS-5792003,5792003,KUCHILA,KAIMUR (BHABUA),BHABHUA,territorial,25.2633,83.8683,,district-conflict,0.0
BH-PS-5792005,5792005,BHABHUA,KAIMUR (BHABUA),BHABHUA,territorial,25.0396,83.6074,BH-5792005,spatial+name,0.923
BH-PS-5792007,5792007,CHAINPUR,KAIMUR (BHABUA),BHABHUA,territorial,25.043,83.5088,BH-5792007,spatial+name,1.0
BH-PS-5792008,5792008,CHAND,KAIMUR (BHABUA),BHABHUA,territorial,25.1138,83.3981,BH-5792008,spatial+name,1.0
BH-PS-5792012,5792012,DURGAWATI,KAIMUR (BHABUA),BHABHUA,territorial,25.2141,83.5169,BH-5792012,spatial+name,1.0
BH-PS-5792013,5792013,KARAMCHAT,KAIMUR (BHABUA),BHABHUA,territorial,24.9304,83.7736,BH-5792013,spatial+name,1.0
BH-PS-5792015,5792015,KUDRA,KAIMUR (BHABUA),BHABHUA,territorial,25.048,83.7927,BH-5792015,spatial+name,1.0
BH-PS-5792017,5792017,MOHANIA,KAIMUR (BHABUA),BHABHUA,territorial,25.1673,83.6162,BH-5792017,spatial+name,1.0
BH-PS-5792020,5792020,RAMGARH,KAIMUR (BHABUA),BHABHUA,territorial,25.2882,83.6558,BH-5792020,spatial+name,1.0
BH-PS-5792029,5792029,KUDHNI,KAIMUR (BHABUA),BHABHUA,territorial,25.2931,83.825,BH-5792029,spatial+name,0.833
BH-PS-5792038,5792038,Lohra,KAIMUR (BHABUA),BHABHUA,territorial,24.1846,83.6437,,none,0.0
BH-PS-5103001,5103001,AKBARNER,BHAGALPUR,BHAGALPUR,territorial,25.2442,86.7447,BH-5103053,spatial-only,0.333
BH-PS-5103003,5103003,BATH,BHAGALPUR,BHAGALPUR,territorial,25.1372,86.7376,BH-5103003,spatial+name,1.0
BH-PS-5103013,5103013,BUDHUCHAK,BHAGALPUR,BHAGALPUR,territorial,25.37,87.36,BH-5103014,spatial-only,0.375
BH-PS-5103014,5103014,EKCHARI,BHAGALPUR,BHAGALPUR,territorial,25.2124,87.2161,BH-5103027,spatial-only,0.267
BH-PS-5103017,5103017,KAJARAILICHAK,BHAGALPUR,BHAGALPUR,territorial,25.15,86.94,BH-5103017,spatial-only,0.762
BH-PS-5103018,5103018,HABIBPUR,BHAGALPUR,BHAGALPUR,territorial,25.2342,86.9608,BH-5103018,spatial+name,1.0
BH-PS-5103022,5103022,KAHALGAON,BHAGALPUR,BHAGALPUR,territorial,25.2627,87.2366,BH-5103022,spatial+name,1.0
BH-PS-5103023,5103023,KOTWALI,BHAGALPUR,BHAGALPUR,territorial,25.2458,86.9721,BH-5103023,spatial+name,1.0
BH-PS-5103024,5103024,LODIPUR,BHAGALPUR,BHAGALPUR,territorial,25.24,86.99,BH-5103032,spatial-only,0.588
BH-PS-5103026,5103026,JAGDISHPUR,BHAGALPUR,BHAGALPUR,territorial,25.1143,86.9801,BH-5103026,spatial+name,1.0
BH-PS-5103032,5103032,MOZAHIDPUR,BHAGALPUR,BHAGALPUR,territorial,25.2398,86.9794,BH-5103032,spatial+name,1.0
BH-PS-5103036,5103036,NATH NAGAR,BHAGALPUR,BHAGALPUR,territorial,25.2432,86.9349,BH-5103005,spatial-only,0.353
BH-PS-5103041,5103041,PIRPAINTI,BHAGALPUR,BHAGALPUR,territorial,25.3242,87.4283,BH-5103041,spatial+name,1.0
BH-PS-5103049,5103049,SABAUR,BHAGALPUR,BHAGALPUR,territorial,25.24,87.044,BH-5103067,spatial-only,0.4
BH-PS-5103050,5103050,SHAHKUND,BHAGALPUR,BHAGALPUR,territorial,25.1673,86.8195,BH-5103050,spatial+name,1.0
BH-PS-5103052,5103052,SONHAULA,BHAGALPUR,BHAGALPUR,territorial,25.0878,87.1627,BH-5103052,spatial-only,0.75
BH-PS-5103053,5103053,SULTANGANJ,BHAGALPUR,BHAGALPUR,territorial,25.246,86.738,BH-5103053,spatial+name,1.0
BH-PS-5103058,5103058,SANDKHAR,BHAGALPUR,BHAGALPUR,territorial,25.1601372,87.2700348,BH-5103058,spatial+name,0.857
BH-PS-5103063,5103063,ISHIPUR BARAHAT,BHAGALPUR,BHAGALPUR,territorial,25.2146,87.3724,BH-5103063,spatial+name,1.0
BH-PS-5103064,5103064,MAHILA,BHAGALPUR,BHAGALPUR,mahila,25.2414,86.9924,,located-in-BH-5103032-not-mapped,0.5
BH-PS-5103065,5103065,NTPC,BHAGALPUR,BHAGALPUR,territorial,25.15,87.15,BH-5103016,spatial-only,0.0
BH-PS-5103067,5103067,AUDHYOGIK,BHAGALPUR,BHAGALPUR,territorial,25.2562,87.0241,BH-5103067,spatial-only,0.087
BH-PS-5103068,5103068,Bhagalpur Prohibition,BHAGALPUR,BHAGALPUR,prohibition,25.25122,86.978618,,located-in-BH-5103002-not-mapped,0.154
BH-PS-5124003,5124003,CHANDI,BHOJPUR,BHOJPUR,territorial,25.5434,84.7504,BH-5124003,spatial+name,1.0
BH-PS-5124004,5124004,CHARPOKHARI,BHOJPUR,BHOJPUR,territorial,25.3614,84.4846,BH-5124004,spatial+name,1.0
BH-PS-5124005,5124005,SC/ST,BHOJPUR,BHOJPUR,sc_st,25.5613,84.6514,,located-in-BH-5124015-not-mapped,0.182
BH-PS-5124006,5124006,BARHARA,BHOJPUR,BHOJPUR,territorial,25.6758,84.7239,BH-5124006,spatial+name,1.0
BH-PS-5124008,5124008,BIHIYA,BHOJPUR,BHOJPUR,territorial,25.5609,84.4514,BH-5124011,spatial-only,0.267
BH-PS-5124009,5124009,DHANGAI,BHOJPUR,BHOJPUR,territorial,25.4543,84.3783,BH-5124009,spatial+name,1.0
BH-PS-5124011,5124011,JAGDISHPUR,BHOJPUR,BHOJPUR,territorial,25.4726,84.4247,BH-5124009,spatial-only,0.353
BH-PS-5124012,5124012,KOILWAR,BHOJPUR,BHOJPUR,territorial,25.5781,84.7904,BH-5124012,spatial+name,1.0
BH-PS-5124015,5124015,MUFASSIL,BHOJPUR,BHOJPUR,territorial,25.5613,84.6514,BH-5124015,spatial+name,1.0
BH-PS-5124016,5124016,NAWADA,BHOJPUR,BHOJPUR,territorial,25.5525,84.6652,BH-5124015,spatial-only,0.154
BH-PS-5124017,5124017,PAWANA,BHOJPUR,BHOJPUR,territorial,25.4075,84.628,BH-5124017,spatial+name,0.909
BH-PS-5124018,5124018,PIRO,BHOJPUR,BHOJPUR,territorial,25.3308,84.4005,BH-5124018,spatial+name,1.0
BH-PS-5124021,5124021,SAHAAR,BHOJPUR,BHOJPUR,territorial,25.2498,84.6258,BH-5124021,spatial+name,1.0
BH-PS-5124022,5124022,SANDESH,BHOJPUR,BHOJPUR,territorial,25.4055,84.7413,BH-5124022,spatial+name,1.0
BH-PS-5124023,5124023,SHAHPUR,BHOJPUR,BHOJPUR,territorial,25.5988,84.3988,BH-5124023,spatial+name,1.0
BH-PS-5124024,5124024,SIKARHATTA,BHOJPUR,BHOJPUR,territorial,25.276,84.4911,BH-5124024,spatial+name,1.0
BH-PS-5124028,5124028,TIYAR,BHOJPUR,BHOJPUR,territorial,25.5365,84.3405,BH-5124028,spatial+name,1.0
BH-PS-5124029,5124029,TARARI,BHOJPUR,BHOJPUR,territorial,25.2093,84.4162,BH-5124029,spatial+name,1.0
BH-PS-5124030,5124030,UDWANT NAGAR,BHOJPUR,BHOJPUR,territorial,25.5004,84.6263,BH-5124030,spatial+name,1.0
BH-PS-5124032,5124032,AGIAON BAZAR,BHOJPUR,BHOJPUR,territorial,25.3342,84.3461,BH-5124032,spatial+name,1.0
BH-PS-5124033,5124033,AIYAR,BHOJPUR,BHOJPUR,territorial,25.4509,84.5087,BH-5124033,spatial+name,1.0
BH-PS-5124034,5124034,AZIMABAD,BHOJPUR,BHOJPUR,territorial,25.331,84.7097,BH-5124034,spatial+name,1.0
BH-PS-5124038,5124038,CHAURI,BHOJPUR,BHOJPUR,territorial,25.2676,84.5242,BH-5124038,spatial+name,1.0
BH-PS-5124042,5124042,IMADPUR,BHOJPUR,BHOJPUR,territorial,25.2183,84.4894,BH-5124042,spatial+name,1.0
BH-PS-5124043,5124043,MAHILA,BHOJPUR,BHOJPUR,mahila,25.5651,84.6622,,located-in-BH-5124015-not-mapped,0.615
BH-PS-5124044,5124044,NAGAR,BHOJPUR,BHOJPUR,territorial,25.565,84.6681,BH-5124015,spatial-only,0.167
BH-PS-5124045,5124045,Hasanbazar,BHOJPUR,BHOJPUR,territorial,25.2684,84.347,BH-5124018,spatial-only,0.143
BH-PS-5124048,5124048,NARAINPUR,BHOJPUR,BHOJPUR,territorial,25.3319,84.6058,BH-5124048,spatial+name,0.947
BH-PS-5793002,5793002,KRISHNABRAHM,BUXAR,BUXAR,territorial,25.5774971,84.2143165,BH-5793012,spatial+name,0.846
BH-PS-5793003,5793003,KORAN SARAI,BUXAR,BUXAR,territorial,25.4616,84.1845,BH-5793003,spatial+name,1.0
BH-PS-5793005,5793005,BRAHMPUR,BUXAR,BUXAR,territorial,25.5976,84.3039,BH-5793005,spatial+name,0.875
BH-PS-5793006,5793006,BAGENGOLA,BUXAR,BUXAR,territorial,25.5009,84.2944,BH-5793006,spatial+name,1.0
BH-PS-5793007,5793007,NAGAR,BUXAR,BUXAR,territorial,25.572,83.9719,BH-5793014,spatial-only,0.167
BH-PS-5793009,5793009,DUMRAON,BUXAR,BUXAR,territorial,25.5568,84.1462,BH-5793009,spatial+name,1.0
BH-PS-5793010,5793010,ITARHI,BUXAR,BUXAR,territorial,25.4872,84.0102,BH-5793010,spatial+name,1.0
BH-PS-5793014,5793014,MUFASSIL,BUXAR,BUXAR,territorial,25.4994,83.8848,BH-5793014,spatial+name,1.0
BH-PS-5793017,5793017,NAWA NAGAR,BUXAR,BUXAR,territorial,25.384,84.2103,BH-5793017,spatial+name,1.0
BH-PS-5793020,5793020,RAJPUR,BUXAR,BUXAR,territorial,25.3942,83.9002,BH-5793020,spatial+name,1.0
BH-PS-5793025,5793025,SIMRI,BUXAR,BUXAR,territorial,25.6363,84.1131,BH-5793025,spatial+name,1.0
BH-PS-5793026,5793026,DHANSOI,BUXAR,BUXAR,territorial,25.354,84.0261,BH-5793026,spatial+name,1.0
BH-PS-5793027,5793027,MURAR,BUXAR,BUXAR,territorial,25.4747,84.2219,BH-5793027,spatial+name,1.0
BH-PS-5793028,5793028,SC/ST,BUXAR,BUXAR,sc_st,25.5785,83.9787,,located-in-BH-5793014-not-mapped,0.182
BH-PS-5793030,5793030,MAHILA,BUXAR,BUXAR,mahila,25.572,83.9719,,located-in-BH-5793014-not-mapped,0.615
BH-PS-5793031,5793031,SIKRAUL,BUXAR,BUXAR,territorial,25.4039,84.1368,BH-5793031,spatial+name,1.0
BH-PS-5793032,5793032,Sonbarsha,BUXAR,BUXAR,territorial,25.4184,84.2992,BH-5793032,spatial+name,0.875
BH-PS-5793033,5793033,Buxar Prohibition,BUXAR,BUXAR,prohibition,25.558871,83.974285,,located-in-BH-5793014-not-mapped,0.261
BH-PS-5106002,5106002,ASHOK PAPER MILLS,DARBHANGA,DARBHANGA,territorial,26.05,85.8981,BH-5106002,spatial-only,0.353
BH-PS-5106004,5106004,BAHADURPUR,DARBHANGA,DARBHANGA,territorial,26.1094,85.9086,BH-5106004,spatial+name,1.0
BH-PS-5106005,5106005,BISHANPUR,DARBHANGA,DARBHANGA,territorial,26.1272,85.8319,BH-5106005,spatial+name,1.0
BH-PS-5106006,5106006,BAHERA,DARBHANGA,DARBHANGA,territorial,26.0719,86.1253,BH-5106006,spatial+name,1.0
BH-PS-5106007,5106007,BAHERI,DARBHANGA,DARBHANGA,territorial,25.9419,86.045,BH-5106007,spatial+name,1.0
BH-PS-5106011,5106011,BIRAUL,DARBHANGA,DARBHANGA,territorial,25.9431,86.2472,BH-5106011,spatial+name,0.833
BH-PS-5106012,5106012,HAYAGHAT,DARBHANGA,DARBHANGA,territorial,26.0189,85.8819,BH-5106012,spatial+name,1.0
BH-PS-5106013,5106013,L.N.M. UNIVERSITY,DARBHANGA,DARBHANGA,territorial,26.1702,85.9037,BH-5106072,spatial-only,0.148
BH-PS-5106014,5106014,MORO,DARBHANGA,DARBHANGA,territorial,26.0789,85.7394,BH-5106014,spatial+name,1.0
BH-PS-5106015,5106015,RAIYAM,DARBHANGA,DARBHANGA,territorial,26.2869,85.9742,BH-5106015,spatial-only,0.8
BH-PS-5106023,5106023,GHAN SHYAMPUR,DARBHANGA,DARBHANGA,territorial,26.0628,86.3247,BH-5106023,spatial+name,1.0
BH-PS-5106032,5106032,JALAI,DARBHANGA,DARBHANGA,territorial,26.3869,85.7289,BH-5106032,spatial-only,0.667
BH-PS-5106033,5106033,JAMALPUR,DARBHANGA,DARBHANGA,territorial,25.9547,86.3617,BH-5106033,spatial+name,1.0
BH-PS-5106035,5106035,KAMTAUL,DARBHANGA,DARBHANGA,territorial,26.3261,85.8203,BH-5106035,spatial-only,0.769
BH-PS-5106037,5106037,KEUTI,DARBHANGA,DARBHANGA,territorial,26.2981,85.9497,BH-5106037,spatial-only,0.8
BH-PS-5106038,5106038,KUSESHWRA ASTHAN,DARBHANGA,DARBHANGA,territorial,25.8206,86.3072,BH-5106038,spatial-only,0.815
BH-PS-5106043,5106043,LAHERIA SARAI,DARBHANGA,DARBHANGA,territorial,26.1278,85.9017,BH-5106072,spatial-only,0.462
BH-PS-5106052,5106052,MANIGACHHI,DARBHANGA,DARBHANGA,territorial,26.2089,86.1406,BH-5106052,spatial+name,1.0
BH-PS-5106054,5106054,SEMARI BAZAR,DARBHANGA,DARBHANGA,territorial,26.1633,85.7633,BH-5106054,spatial-only,0.5
BH-PS-5106055,5106055,DARBHANGA TOWN,DARBHANGA,DARBHANGA,territorial,26.1531,85.8978,BH-5106072,spatial-only,0.667
BH-PS-5106056,5106056,Alinagar,DARBHANGA,DARBHANGA,territorial,26.0731,86.2567,BH-5106056,spatial+name,1.0
BH-PS-5106071,5106071,SINGWARA,DARBHANGA,DARBHANGA,territorial,26.1953,85.7369,BH-5106071,spatial+name,1.0
BH-PS-5106072,5106072,DARBHANGA SADAR,DARBHANGA,DARBHANGA,territorial,26.1531,85.8978,BH-5106072,spatial+name,1.0
BH-PS-5106074,5106074,SANKATPUR,DARBHANGA,DARBHANGA,territorial,26.1508,86.2578,BH-5106074,spatial+name,0.941
BH-PS-5106075,5106075,MAHILA,DARBHANGA,DARBHANGA,mahila,26.1278,85.9017,,located-in-BH-5106072-not-mapped,0.3
BH-PS-5106077,5106077,SC/ST,DARBHANGA,DARBHANGA,sc_st,26.1531,85.8978,,located-in-BH-5106072-not-mapped,0.111
BH-PS-5106078,5106078,Darbhanga Prohibition,DARBHANGA,DARBHANGA,prohibition,26.11584,85.89977,,located-in-BH-5106004-not-mapped,0.333
BH-PS-5109001,5109001,AATI,GAYA,GAYA,territorial,24.8854,84.6877,BH-5109001,spatial+name,0.857
BH-PS-5109002,5109002,ALIPUR,GAYA,GAYA,territorial,25.0254,84.8464,BH-5109002,spatial+name,1.0
BH-PS-5109003,5109003,AMAS,GAYA,GAYA,territorial,24.6133,84.6696,BH-5109029,spatial-only,0.222
BH-PS-5109004,5109004,ATRI,GAYA,GAYA,territorial,24.9333,88.0192,,none,0.0
BH-PS-5109005,5109005,BANKE BAZAR,GAYA,GAYA,territorial,24.520375,84.670645,BH-5109083,spatial+name,1.0
BH-PS-5109007,5109007,BARACHATTY,GAYA,GAYA,territorial,24.5021,85.0112,BH-5109007,spatial+name,1.0
BH-PS-5109009,5109009,BELAGANJ,GAYA,GAYA,territorial,24.9771,84.965,BH-5109009,spatial+name,1.0
BH-PS-5109010,5109010,BODHGAYA,GAYA,GAYA,territorial,24.7269,84.9703,BH-5109010,spatial+name,1.0
BH-PS-5109011,5109011,BUNIYADGANJ,GAYA,GAYA,territorial,24.8194,85.0286,BH-5109051,spatial-only,0.235
BH-PS-5109012,5109012,CHERKI,GAYA,GAYA,territorial,24.6849,84.8803,BH-5109012,spatial+name,1.0
BH-PS-5109013,5109013,CHANDAULI,GAYA,GAYA,territorial,24.784,84.9695,BH-5109049,spatial-only,0.273
BH-PS-5109014,5109014,CIVIL LINES,GAYA,GAYA,territorial,24.7946,85.0077,BH-5109049,spatial-only,0.182
BH-PS-5109015,5109015,DELHA,GAYA,GAYA,territorial,24.8065,84.9849,BH-5109049,spatial-only,0.333
BH-PS-5109017,5109017,GURARU,GAYA,GAYA,territorial,24.8075,84.7896,BH-5109017,spatial+name,1.0
BH-PS-5109018,5109018,DOBHI,GAYA,GAYA,territorial,24.533469,84.909838,BH-5109082,spatial+name,1.0
BH-PS-5109019,5109019,DUMARIA,GAYA,GAYA,territorial,24.4411,84.3911,BH-5109019,spatial+name,1.0
BH-PS-5109022,5109022,FATEHPUR,GAYA,GAYA,territorial,24.6265,85.2194,BH-5109022,spatial+name,1.0
BH-PS-5109029,5109029,GURUA,GAYA,GAYA,territorial,24.6656,84.7875,BH-5109029,spatial+name,1.0
BH-PS-5109031,5109031,HARIJAN P.S.,GAYA,GAYA,territorial,24.7844,84.9726,BH-5109049,spatial-only,0.2
BH-PS-5109036,5109036,IMAMGANJ,GAYA,GAYA,territorial,24.4533,84.5865,BH-5109036,spatial+name,1.0
BH-PS-5109044,5109044,KHIZAR SARAI,GAYA,GAYA,territorial,25.1776,85.1022,,district-conflict,0.0
BH-PS-5109045,5109045,KONCH,GAYA,GAYA,territorial,24.9309,84.7648,BH-5109045,spatial+name,1.0
BH-PS-5109047,5109047,KOTHIGRAM,GAYA,GAYA,territorial,24.3786,84.5244,BH-5109047,spatial-only,0.714
BH-PS-5109048,5109048,KOTWALI,GAYA,GAYA,territorial,24.7969,85.0084,BH-5109049,spatial-only,0.2
BH-PS-5109049,5109049,MAGADH MEDICAL COLLEGE,GAYA,GAYA,territorial,24.7712,84.9616,BH-5109049,spatial-only,0.812
BH-PS-5109050,5109050,MAGADH VISWAVIDYALAY,GAYA,GAYA,territorial,24.6846,84.9629,BH-5109010,spatial-only,0.296
BH-PS-5109051,5109051,GAYA MUFASSIL,GAYA,GAYA,territorial,24.7977,85.0242,BH-5109051,spatial-only,0.778
BH-PS-5109052,5109052,RAMPUR,GAYA,GAYA,territorial,24.7797,84.9813,BH-5109049,spatial-only,0.211
BH-PS-5109053,5109053,MOHANPUR,GAYA,GAYA,territorial,24.5777,85.0841,BH-5109053,spatial+name,1.0
BH-PS-5109055,5109055,NEEMCHAK BADANI,GAYA,GAYA,territorial,24.9932,85.2636,BH-5109055,spatial+name,0.889
BH-PS-5109056,5109056,Bhadwar,GAYA,GAYA,territorial,24.4311,84.4503,BH-5109056,spatial+name,1.0
BH-PS-5109057,5109057,Bodhgaya Traffic,GAYA,GAYA,traffic,24.7269,84.9703,,located-in-BH-5109010-not-mapped,0.727
BH-PS-5109059,5109059,Chakand,GAYA,GAYA,territorial,24.8901,84.985,BH-5109059,spatial+name,1.0
BH-PS-5109060,5109060,Chhakarbandha,GAYA,GAYA,territorial,24.5003,84.4732,BH-5109060,spatial+name,1.0
BH-PS-5109062,5109062,Lutua,GAYA,GAYA,territorial,24.5286,84.6105,BH-5109062,spatial+name,1.0
BH-PS-5109064,5109064,PARAIYA,GAYA,GAYA,territorial,24.8308,84.8479,BH-5109064,spatial+name,1.0
BH-PS-5109065,5109065,Maigra,GAYA,GAYA,territorial,24.435,84.4973,BH-5109065,spatial+name,1.0
BH-PS-5109066,5109066,Suhail,GAYA,GAYA,territorial,24.3207,84.54,,none,0.0
BH-PS-5109067,5109067,Tankuppa,GAYA,GAYA,territorial,24.7021,85.1324,BH-5109067,spatial+name,1.0
BH-PS-5109068,5109068,ROSHANGANJ,GAYA,GAYA,territorial,24.5268,84.7129,BH-5109068,spatial+name,0.857
BH-PS-5109070,5109070,Vishnupad Temple,GAYA,GAYA,territorial,24.776,85.0048,BH-5109049,spatial-only,0.286
BH-PS-5109072,5109072,SHERGHATI,GAYA,GAYA,territorial,24.5684,84.8004,BH-5109072,spatial+name,1.0
BH-PS-5109076,5109076,TEKARI,GAYA,GAYA,territorial,24.9422,84.8439,BH-5109076,spatial+name,0.833
BH-PS-5109077,5109077,MAHILA,GAYA,GAYA,mahila,24.7844,84.9725,,located-in-BH-5109049-not-mapped,0.526
BH-PS-5109078,5109078,MEN,GAYA,GAYA,territorial,25.0316,84.891,BH-5109078,spatial-only,0.571
BH-PS-5109080,5109080,WAZIRGANJ,GAYA,GAYA,territorial,24.8014,85.244,BH-5109080,spatial+name,1.0
BH-PS-5109081,5109081,Gaya Prohibition,GAYA,GAYA,prohibition,24.641614,84.950529,,located-in-BH-5109050-not-mapped,0.452
BH-PS-5139001,5139001,BARAULI,GOPALGANJ,GOPALGANJ,territorial,26.3924,84.5858,BH-5139001,spatial+name,1.0
BH-PS-5139002,5139002,Hathua,GOPALGANJ,GOPALGANJ,territorial,26.36187,84.31218,BH-5139002,spatial+name,1.0
BH-PS-5139005,5139005,BAIKUNTHPUR,GOPALGANJ,GOPALGANJ,territorial,26.2649,84.7456,BH-5139005,spatial+name,1.0
BH-PS-5139006,5139006,BHORE,GOPALGANJ,GOPALGANJ,territorial,26.4474,84.104,BH-5139006,spatial+name,0.909
BH-PS-5139008,5139008,KUCHAIKOTE,GOPALGANJ,GOPALGANJ,territorial,26.5588,84.3279,BH-5139008,spatial+name,1.0
BH-PS-5139009,5139009,KATEYA,GOPALGANJ,GOPALGANJ,territorial,26.5686,84.0814,BH-5139009,spatial+name,0.909
BH-PS-5139010,5139010,MIRGANJ,GOPALGANJ,GOPALGANJ,territorial,26.3705,84.3323,BH-5139014,spatial-only,0.375
BH-PS-5139011,5139011,MAJHAGARH,GOPALGANJ,GOPALGANJ,territorial,26.4012,84.4928,BH-5139011,spatial+name,0.947
BH-PS-5139012,5139012,VIJAYIPUR,GOPALGANJ,GOPALGANJ,territorial,26.4662,83.9866,BH-5139012,spatial+name,0.875
BH-PS-5139013,5139013,MOHAMMADPUR,GOPALGANJ,GOPALGANJ,territorial,26.3458,84.6957,BH-5139016,spatial-only,0.316
BH-PS-5139014,5139014,UCHKAGAON,GOPALGANJ,GOPALGANJ,territorial,26.4508,84.2867,BH-5139014,spatial+name,1.0
BH-PS-5139015,5139015,YADOPUR,GOPALGANJ,GOPALGANJ,territorial,26.5267,84.4348,BH-5139015,spatial+name,1.0
BH-PS-5139016,5139016,SIDHWALIA,GOPALGANJ,GOPALGANJ,territorial,26.3347,84.6717,BH-5139016,spatial+name,1.0
BH-PS-5139017,5139017,THAWE,GOPALGANJ,GOPALGANJ,territorial,26.43,84.3916,BH-5139017,spatial+name,1.0
BH-PS-5139018,5139018,GOPALPUR,GOPALGANJ,GOPALGANJ,territorial,26.5694,84.2461,BH-5139018,spatial+name,1.0
BH-PS-5139021,5139021,SC/ST,GOPALGANJ,GOPALGANJ,sc_st,26.4657,84.4423,,located-in-BH-5139036-not-mapped,0.111
BH-PS-5139022,5139022,BISHAMBHARPUR,GOPALGANJ,GOPALGANJ,territorial,26.5619,84.3809,BH-5139022,spatial+name,1.0
BH-PS-5139025,5139025,PHULWARIA,GOPALGANJ,GOPALGANJ,territorial,26.4587,84.2406,BH-5139025,spatial+name,1.0
BH-PS-5139038,5139038,Gopalganj Prohibition,GOPALGANJ,GOPALGANJ,prohibition,26.466223,84.441877,,located-in-BH-5139036-not-mapped,0.588
BH-PS-5799005,5799005,BARHAT,JAMUI,JAMUI,territorial,24.9905,86.2793,BH-5799005,spatial+name,1.0
BH-PS-5799009,5799009,CHAKAI,JAMUI,JAMUI,territorial,24.5561,86.396,BH-5799009,spatial+name,1.0
BH-PS-5799016,5799016,CHANDRADEEP,JAMUI,JAMUI,territorial,24.94,85.86,BH-5799016,spatial+name,0.9
BH-PS-5799019,5799019,CHANDRAMANDI,JAMUI,JAMUI,territorial,24.5625,86.4025,BH-5799009,spatial-only,0.556
BH-PS-5799023,5799023,JAMUI,JAMUI,JAMUI,territorial,24.9231,86.2251,BH-5799023,spatial+name,1.0
BH-PS-5799024,5799024,JHAJHA,JAMUI,JAMUI,territorial,24.7688,86.381,BH-5799024,spatial+name,1.0
BH-PS-5799028,5799028,KHAIRA,JAMUI,JAMUI,territorial,24.8708,86.2075,BH-5799028,spatial+name,1.0
BH-PS-5799032,5799032,LAKSHMIPUR,JAMUI,JAMUI,territorial,25.008,86.39,BH-5799032,spatial+name,1.0
BH-PS-5799040,5799040,SIMULTALLA,JAMUI,JAMUI,territorial,24.7133,86.5433,BH-5799024,spatial-only,0.267
BH-PS-5799043,5799043,MALAYPUR,JAMUI,JAMUI,territorial,24.9713,86.2542,BH-5799005,spatial-only,0.286
BH-PS-5799047,5799047,SIKANDARA,JAMUI,JAMUI,territorial,24.9522,86.0328,BH-5799047,spatial+name,0.941
BH-PS-5799048,5799048,SONO,JAMUI,JAMUI,territorial,24.7422,86.305,BH-5799048,spatial+name,0.889
BH-PS-5799052,5799052,Batia,JAMUI,JAMUI,territorial,24.6921,86.3263,BH-5799048,spatial-only,0.0
BH-PS-5799056,5799056,Garhi,JAMUI,JAMUI,territorial,24.7953,86.0798,BH-5799028,spatial-only,0.4
BH-PS-5799060,5799060,Jamui Prohibition,JAMUI,JAMUI,prohibition,24.927519,86.227928,,located-in-BH-5799023-not-mapped,0.476
BH-PS-5790013,5790013,PALI,JEHANABAD,JEHANABAD,territorial,25.2514,85.0891,BH-5790013,spatial+name,1.0
BH-PS-5790016,5790016,PARAS BIGHA,JEHANABAD,JEHANABAD,territorial,25.1588,84.9639,BH-5790016,spatial+name,1.0
BH-PS-5790018,5790018,HULASGANJ,JEHANABAD,JEHANABAD,territorial,25.0819,85.1477,BH-5790018,spatial+name,1.0
BH-PS-5790020,5790020,KAKO,JEHANABAD,JEHANABAD,territorial,25.2248,85.0833,BH-5790020,spatial+name,1.0
BH-PS-5790026,5790026,GHOSI,JEHANABAD,JEHANABAD,territorial,25.1711,85.0992,BH-5790026,spatial+name,0.889
BH-PS-5790039,5790039,JEHANABAD,JEHANABAD,JEHANABAD,territorial,25.2074,84.9875,BH-5790039,spatial+name,1.0
BH-PS-5790050,5790050,MAKHDUMPUR,JEHANABAD,JEHANABAD,territorial,25.0726,84.9726,BH-5790050,spatial+name,0.947
BH-PS-5790051,5790051,MAHILA,JEHANABAD,JEHANABAD,mahila,25.2072,84.9899,,located-in-BH-5790039-not-mapped,0.267
BH-PS-5790052,5790052,SC/ST,JEHANABAD,JEHANABAD,sc_st,25.2018,84.9878,,located-in-BH-5790016-not-mapped,0.154
BH-PS-5790053,5790053,Barabar Tourism,JEHANABAD,JEHANABAD,territorial,25.0046,85.0668,BH-5790009,spatial-only,0.25
BH-PS-5790054,5790054,Junathi,JEHANABAD,JEHANABAD,territorial,25.2112,84.8821,BH-5790016,spatial-only,0.25
BH-PS-5790055,5790055,Okari,JEHANABAD,JEHANABAD,territorial,25.2602,85.1451,BH-5790055,spatial+name,1.0
BH-PS-5790073,5790073,SAKURABAD,JEHANABAD,JEHANABAD,territorial,25.1447,84.9029,BH-5790073,spatial+name,0.947
BH-PS-5790074,5790074,Jehanabad Prohibition,JEHANABAD,JEHANABAD,prohibition,25.203592,84.991686,,located-in-BH-5790016-not-mapped,0.276
BH-PS-5130001,5130001,AJAM NAGAR,KATIHAR,KATIHAR,territorial,25.5492,87.8239,BH-5130001,spatial+name,1.0
BH-PS-5130002,5130002,AMDABAD,KATIHAR,KATIHAR,territorial,25.2964,87.7975,BH-5130002,spatial+name,1.0
BH-PS-5130003,5130003,ABADPUR,KATIHAR,KATIHAR,territorial,25.5365,87.9971,BH-5130003,spatial+name,1.0
BH-PS-5130006,5130006,BARARI,KATIHAR,KATIHAR,territorial,25.5001,87.3802,BH-5130006,spatial+name,1.0
BH-PS-5130007,5130007,BARSOI,KATIHAR,KATIHAR,territorial,25.6189,87.9256,BH-5130007,spatial+name,1.0
BH-PS-5130008,5130008,FALKA,KATIHAR,KATIHAR,territorial,25.6276,87.2746,BH-5130008,spatial+name,1.0
BH-PS-5130009,5130009,KORHA,KATIHAR,KATIHAR,territorial,25.6225,87.4017,BH-5130009,spatial+name,1.0
BH-PS-5130010,5130010,NAGAR,KATIHAR,KATIHAR,territorial,25.516,87.581,BH-5130010,spatial-only,0.588
BH-PS-5130011,5130011,DANDKHORA,KATIHAR,KATIHAR,territorial,25.5742,87.6469,BH-5130011,spatial+name,1.0
BH-PS-5130012,5130012,KADWA,KATIHAR,KATIHAR,territorial,25.5381,87.5719,BH-5130010,spatial-only,0.353
BH-PS-5130013,5130013,MUFASSIL,KATIHAR,KATIHAR,territorial,25.575989,87.576206,BH-5130066,spatial-only,0.308
BH-PS-5130014,5130014,MANSAHI,KATIHAR,KATIHAR,territorial,25.4739,87.592,BH-5130014,spatial+name,1.0
BH-PS-5130016,5130016,PRANPUR,KATIHAR,KATIHAR,territorial,25.4712,87.7149,BH-5130026,spatial-only,0.308
BH-PS-5130017,5130017,KURSAILA,KATIHAR,KATIHAR,territorial,25.4535,87.2523,BH-5130017,spatial-only,0.8
BH-PS-5130019,5130019,MANIHARI,KATIHAR,KATIHAR,territorial,25.3461,87.6227,BH-5130019,spatial+name,1.0
BH-PS-5130023,5130023,Sahayak Thana,KATIHAR,KATIHAR,territorial,25.553458,87.558834,BH-5130010,spatial-only,0.421
BH-PS-5130066,5130066,Katihar Prohibition,KATIHAR,KATIHAR,prohibition,25.56115,87.55166,,located-in-BH-5130066-not-mapped,0.25
BH-PS-5108001,5108001,ALAULI,KHAGARIA,KHAGARIA,territorial,25.6404,86.3992,BH-5108001,spatial+name,1.0
BH-PS-5108002,5108002,BELDAUR,KHAGARIA,KHAGARIA,territorial,25.5958,86.7873,BH-5108002,spatial+name,1.0
BH-PS-5108003,5108003,CHAUTHAM,KHAGARIA,KHAGARIA,territorial,25.5418,86.6565,BH-5108003,spatial+name,1.0
BH-PS-5108004,5108004,GOGARI,KHAGARIA,KHAGARIA,territorial,25.4135,86.6518,BH-5108004,spatial+name,0.909
BH-PS-5108005,5108005,KHAGARIA,KHAGARIA,KHAGARIA,territorial,25.5017,86.4701,BH-5108005,spatial-only,0.0
BH-PS-5108006,5108006,MANSI,KHAGARIA,KHAGARIA,territorial,25.5071,86.553,BH-5108006,spatial+name,1.0
BH-PS-5108007,5108007,MURKAHI,KHAGARIA,KHAGARIA,territorial,25.5434,86.5048,BH-5108021,spatial-only,0.182
BH-PS-5108008,5108008,PARBATTA,KHAGARIA,KHAGARIA,territorial,25.3498,87.0591,,district-conflict,0.0
BH-PS-5108009,5108009,PASRAHA,KHAGARIA,KHAGARIA,territorial,25.4058,86.743,BH-5108009,spatial-only,0.769
BH-PS-5108010,5108010,MAHESKHUT,KHAGARIA,KHAGARIA,territorial,25.4645,86.6381,BH-5108010,spatial+name,0.889
BH-PS-5108011,5108011,MAHILA,KHAGARIA,KHAGARIA,mahila,25.5096,86.4914,,located-in-BH-5108005-not-mapped,0.0
BH-PS-5108012,5108012,SC/ST,KHAGARIA,KHAGARIA,sc_st,25.5001,86.4596,,located-in-BH-5108005-not-mapped,0.25
BH-PS-5108013,5108013,Riverine Mohraghat,KHAGARIA,KHAGARIA,territorial,25.696629,86.43587,BH-5108001,spatial-only,0.091
BH-PS-5108016,5108016,Amausi,KHAGARIA,KHAGARIA,territorial,25.6167,86.4693,BH-5108007,spatial-only,0.364
BH-PS-5108017,5108017,Bahadurpur,KHAGARIA,KHAGARIA,territorial,25.6192,86.2987,BH-5108001,spatial-only,0.375
BH-PS-5108018,5108018,Gangaur,KHAGARIA,KHAGARIA,territorial,25.5056,86.3449,BH-5108018,spatial+name,0.857
BH-PS-5108019,5108019,Madaiya,KHAGARIA,KHAGARIA,territorial,25.3564,86.7207,BH-5108013,spatial-only,0.727
BH-PS-5108020,5108020,Piparpani,KHAGARIA,KHAGARIA,territorial,25.6674,86.4646,BH-5108001,spatial-only,0.133
BH-PS-5108021,5108021,Khagaria Prohibition,KHAGARIA,KHAGARIA,prohibition,25.507778,86.479722,,located-in-BH-5108005-not-mapped,0.182
BH-PS-5791007,5791007,BAHADURGANJ,KISHANGANJ,KISHANGANJ,territorial,26.2508,87.8339,BH-5791007,spatial+name,1.0
BH-PS-5791011,5791011,THAKURGANJ,KISHANGANJ,KISHANGANJ,territorial,26.4247,88.1314,BH-5791013,spatial-only,0.333
BH-PS-5791020,5791020,DIGHALBANK,KISHANGANJ,KISHANGANJ,territorial,26.4472,87.8622,BH-5791020,spatial+name,1.0
BH-PS-5791040,5791040,KISHANGANJ,KISHANGANJ,KISHANGANJ,territorial,26.0961,87.9489,BH-5791040,spatial+name,1.0
BH-PS-5791041,5791041,KOCHADHAMAN,KISHANGANJ,KISHANGANJ,territorial,26.1611,87.7664,BH-5791041,spatial+name,0.909
BH-PS-5791042,5791042,MAHILA,KISHANGANJ,KISHANGANJ,mahila,26.097219,87.946891,,located-in-BH-5791040-not-mapped,0.25
BH-PS-5791043,5791043,SC/ST,KISHANGANJ,KISHANGANJ,sc_st,26.097219,87.946891,,located-in-BH-5791040-not-mapped,0.143
BH-PS-5791044,5791044,TEDAGACHH,KISHANGANJ,KISHANGANJ,territorial,26.3817,87.6908,BH-5791044,spatial+name,0.824
BH-PS-5791056,5791056,POTHIA,KISHANGANJ,KISHANGANJ,territorial,26.3142,88.1739,BH-5791056,spatial+name,1.0
BH-PS-5791059,5791059,Paharkatta,KISHANGANJ,KISHANGANJ,territorial,26.2364,88.1225,BH-5791059,spatial-only,0.75
BH-PS-5791060,5791060,Kishanganj Prohibition,KISHANGANJ,KISHANGANJ,prohibition,26.093999,87.945178,,located-in-BH-5791040-not-mapped,0.645
BH-PS-5802005,5802005,BARHAHIYA,LAKHISARAI,LAKHI SARAI,territorial,25.2791,86.0224,BH-5802005,spatial+name,0.933
BH-PS-5802011,5802011,CHANAN,LAKHISARAI,LAKHI SARAI,territorial,25.0678,86.166,BH-5802011,spatial+name,1.0
BH-PS-5802017,5802017,KAJRA,LAKHISARAI,LAKHI SARAI,territorial,25.1809,86.2571,BH-5802017,spatial+name,1.0
BH-PS-5802018,5802018,HALSI,LAKHISARAI,LAKHI SARAI,territorial,25.0308,86.0511,BH-5802018,spatial+name,1.0
BH-PS-5802020,5802020,BIRUPUR,LAKHISARAI,LAKHI SARAI,territorial,25.2254,85.9883,BH-5802020,spatial+name,0.923
BH-PS-5802033,5802033,LAKHISARAI,LAKHISARAI,LAKHI SARAI,territorial,25.1843,86.0995,BH-5802033,spatial+name,1.0
BH-PS-5802034,5802034,MEDNI CHOWKI,LAKHISARAI,LAKHI SARAI,territorial,25.2857,86.3174,BH-5802034,spatial+name,0.957
BH-PS-5802035,5802035,PIPARIA,LAKHISARAI,LAKHI SARAI,territorial,25.2561,86.1194,BH-5802005,spatial-only,0.571
BH-PS-5802049,5802049,SURYAGARHA,LAKHISARAI,LAKHI SARAI,territorial,25.245,86.2235,BH-5802049,spatial+name,1.0
BH-PS-5802051,5802051,PIRI BAZAAR,LAKHISARAI,LAKHI SARAI,territorial,25.2143,86.3207,BH-5802051,spatial+name,1.0
BH-PS-5802052,5802052,MAHILA,LAKHISARAI,LAKHI SARAI,mahila,25.1843,86.0995,,located-in-BH-5802033-not-mapped,0.267
BH-PS-5802053,5802053,SC/ST,LAKHISARAI,LAKHI SARAI,sc_st,25.162,86.0968,,located-in-BH-5802033-not-mapped,0.154
BH-PS-5802054,5802054,Bannu Bagicha,LAKHISARAI,LAKHI SARAI,territorial,25.1186,86.1785,BH-5802011,spatial-only,0.353
BH-PS-5115001,5115001,ALAM NAGAR,MADHEPURA,MADHEPURA,territorial,25.5717,86.9055,BH-5115001,spatial+name,1.0
BH-PS-5115002,5115002,BIHARIGANJ,MADHEPURA,MADHEPURA,territorial,25.7337,86.9898,BH-5115002,spatial+name,1.0
BH-PS-5115004,5115004,CHAUSA,MADHEPURA,MADHEPURA,territorial,25.5295,87.0343,BH-5115004,spatial+name,1.0
BH-PS-5115005,5115005,GAMHARIA,MADHEPURA,MADHEPURA,territorial,26.0517,86.7323,BH-5115005,spatial+name,1.0
BH-PS-5115006,5115006,UDA KISHANGANJ,MADHEPURA,MADHEPURA,territorial,25.6877,86.9516,BH-5115006,spatial+name,1.0
BH-PS-5115007,5115007,KUMARKHAND,MADHEPURA,MADHEPURA,territorial,25.9891,86.9915,BH-5115007,spatial+name,1.0
BH-PS-5115008,5115008,MADHEPURA,MADHEPURA,MADHEPURA,territorial,25.9334,86.7959,BH-5115008,spatial+name,1.0
BH-PS-5115009,5115009,MURLIGANJ,MADHEPURA,MADHEPURA,territorial,25.8919,86.9959,BH-5115009,spatial+name,1.0
BH-PS-5115011,5115011,SINGHESHWAR,MADHEPURA,MADHEPURA,territorial,25.9838,86.8056,BH-5115011,spatial+name,1.0
BH-PS-5115017,5115017,GWALPARA,MADHEPURA,MADHEPURA,territorial,25.7609,86.8927,BH-5115017,spatial+name,1.0
BH-PS-5115018,5115018,SC/ST,MADHEPURA,MADHEPURA,sc_st,25.9206,86.7912,,located-in-BH-5115008-not-mapped,0.0
BH-PS-5115019,5115019,MAHILA,MADHEPURA,MADHEPURA,mahila,25.9206,86.7912,,located-in-BH-5115008-not-mapped,0.533
BH-PS-5115020,5115020,PURAINI,MADHEPURA,MADHEPURA,territorial,25.5985,86.9918,BH-5115020,spatial+name,1.0
BH-PS-5115021,5115021,SRINAGAR,MADHEPURA,MADHEPURA,territorial,26.0387,87.0085,BH-5115021,spatial+name,1.0
BH-PS-5115025,5115025,SHANKARPUR,MADHEPURA,MADHEPURA,territorial,26.0395,86.8714,BH-5115025,spatial+name,1.0
BH-PS-5115026,5115026,Madhepura Prohibition,MADHEPURA,MADHEPURA,prohibition,25.60078,86.9957,,located-in-BH-5115020-not-mapped,0.444
BH-PS-5129001,5129001,ANDHARMATH,MADHUBANI,MADHUBANI,territorial,26.4016,86.6533,BH-5129001,spatial+name,0.9
BH-PS-5129002,5129002,ANDHRATHARI,MADHUBANI,MADHUBANI,territorial,26.3943,86.3242,BH-5129002,spatial+name,0.957
BH-PS-5129003,5129003,ARER,MADHUBANI,MADHUBANI,territorial,26.4257,85.9852,BH-5129003,spatial+name,1.0
BH-PS-5129004,5129004,BHAIRAVSTHAN,MADHUBANI,MADHUBANI,territorial,26.2554,86.2693,BH-5129007,spatial-only,0.261
BH-PS-5129005,5129005,BABUBARHI,MADHUBANI,MADHUBANI,territorial,26.4538,86.2716,BH-5129005,spatial+name,1.0
BH-PS-5129006,5129006,BASOPATTI,MADHUBANI,MADHUBANI,territorial,26.5681,86.003,BH-5129006,spatial+name,1.0
BH-PS-5129007,5129007,JHANJHARPUR,MADHUBANI,MADHUBANI,territorial,26.2648,86.2811,BH-5129007,spatial+name,1.0
BH-PS-5129008,5129008,JAINAGAR,MADHUBANI,MADHUBANI,territorial,26.5848,86.139,BH-5129018,spatial-only,0.143
BH-PS-5129009,5129009,LAKHNAUR,MADHUBANI,MADHUBANI,territorial,26.1882,86.3328,BH-5129009,spatial+name,1.0
BH-PS-5129010,5129010,KHAJAULI,MADHUBANI,MADHUBANI,territorial,26.4785,86.1586,BH-5129010,spatial+name,1.0
BH-PS-5129011,5129011,BHEJA,MADHUBANI,MADHUBANI,territorial,26.1087,86.3997,BH-5129011,spatial+name,1.0
BH-PS-5129012,5129012,GHOGHARDIHA,MADHUBANI,MADHUBANI,territorial,26.2894,86.47,BH-5129012,spatial+name,1.0
BH-PS-5129013,5129013,KHIRHAR,MADHUBANI,MADHUBANI,territorial,26.5258,85.9275,BH-5129013,spatial+name,1.0
BH-PS-5129014,5129014,KHUTAUNA,MADHUBANI,MADHUBANI,territorial,26.5014,86.4014,BH-5129017,spatial-only,0.429
BH-PS-5129015,5129015,LADANIA,MADHUBANI,MADHUBANI,territorial,26.6127,86.3211,BH-5129015,spatial+name,1.0
BH-PS-5129016,5129016,LAUKAHI,MADHUBANI,MADHUBANI,territorial,26.4754,86.5577,BH-5129016,spatial+name,1.0
BH-PS-5129017,5129017,LAUKAHA,MADHUBANI,MADHUBANI,territorial,26.5492,86.4712,BH-5129017,spatial+name,1.0
BH-PS-5129018,5129018,DEODHA,MADHUBANI,MADHUBANI,territorial,26.6208,86.1181,BH-5129018,spatial+name,0.833
BH-PS-5129020,5129020,MADHEPUR,MADHUBANI,MADHUBANI,territorial,26.1746,86.3782,BH-5129020,spatial+name,1.0
BH-PS-5129021,5129021,PHULPARAS,MADHUBANI,MADHUBANI,territorial,26.3573,86.491,BH-5129021,spatial+name,1.0
BH-PS-5129022,5129022,PANDAUL,MADHUBANI,MADHUBANI,territorial,26.2329,86.0878,BH-5129035,spatial-only,0.167
BH-PS-5129023,5129023,RAJNAGAR,MADHUBANI,MADHUBANI,territorial,26.4002,86.163,BH-5129023,spatial+name,1.0
BH-PS-5129024,5129024,BENIPATTI,MADHUBANI,MADHUBANI,territorial,26.4439,85.9073,BH-5129024,spatial+name,1.0
BH-PS-5129025,5129025,BISFI,MADHUBANI,MADHUBANI,territorial,26.3202,85.9031,BH-5129025,spatial+name,1.0
BH-PS-5129026,5129026,HARLAKHI,MADHUBANI,MADHUBANI,territorial,26.6372,85.9841,BH-5129026,spatial+name,1.0
BH-PS-5129027,5129027,MADHWAPUR,MADHUBANI,MADHUBANI,territorial,26.6085,85.8504,BH-5129027,spatial+name,1.0
BH-PS-5129028,5129028,NAGAR,MADHUBANI,MADHUBANI,territorial,26.347,86.0712,BH-5129028,spatial-only,0.222
BH-PS-5129029,5129029,KALUAHI,MADHUBANI,MADHUBANI,territorial,26.4624,86.0693,BH-5129029,spatial+name,1.0
BH-PS-5129030,5129030,RAHIKA,MADHUBANI,MADHUBANI,territorial,26.3772,86.0181,BH-5129030,spatial+name,1.0
BH-PS-5129035,5129035,SAKRI,MADHUBANI,MADHUBANI,territorial,26.2135,86.0759,BH-5129035,spatial+name,1.0
BH-PS-5129036,5129036,SAHARGHAT,MADHUBANI,MADHUBANI,territorial,26.3234,85.9193,BH-5129025,spatial-only,0.154
BH-PS-5129037,5129037,MAHILA,MADHUBANI,MADHUBANI,mahila,26.347,86.0712,,located-in-BH-5129028-not-mapped,0.0
BH-PS-5129038,5129038,RUDRAPUR,MADHUBANI,MADHUBANI,territorial,26.3531,86.3272,BH-5129038,spatial+name,1.0
BH-PS-5129040,5129040,Madhubani Prohibition,MADHUBANI,MADHUBANI,prohibition,26.350834,86.069977,,located-in-BH-5129028-not-mapped,0.083
BH-PS-5128001,5128001,AADAPUR,EAST CHAMPARAN,MOTHIHARI,territorial,26.9262,84.943,BH-5128001,spatial+name,1.0
BH-PS-5128003,5128003,CHAKIA,EAST CHAMPARAN,MOTHIHARI,territorial,26.4123,85.054,BH-5128022,spatial-only,0.182
BH-PS-5128004,5128004,CHHATAUNI,EAST CHAMPARAN,MOTHIHARI,territorial,26.6447,84.9273,BH-5128017,spatial-only,0.267
BH-PS-5128005,5128005,CHIRAIYA,EAST CHAMPARAN,MOTHIHARI,territorial,26.6955,85.0686,BH-5128005,spatial+name,1.0
BH-PS-5128006,5128006,CHHODADANO,EAST CHAMPARAN,MOTHIHARI,territorial,26.8486,85.0093,BH-5128011,spatial-only,0.429
BH-PS-5128007,5128007,PHENHARA,EAST CHAMPARAN,MOTHIHARI,territorial,26.5227,85.197,BH-5128007,spatial+name,1.0
BH-PS-5128008,5128008,DHAKA,EAST CHAMPARAN,MOTHIHARI,territorial,26.6596,85.1601,BH-5128005,spatial-only,0.5
BH-PS-5128009,5128009,GHORASAHAN,EAST CHAMPARAN,MOTHIHARI,territorial,26.8161,85.1294,BH-5128009,spatial+name,1.0
BH-PS-5128010,5128010,GOVINDGANJ,EAST CHAMPARAN,MOTHIHARI,territorial,26.4991,84.646,BH-5128002,spatial-only,0.25
BH-PS-5128011,5128011,DARPA,EAST CHAMPARAN,MOTHIHARI,territorial,26.8392,84.9712,BH-5128011,spatial+name,1.0
BH-PS-5128012,5128012,HARSIDDHI,EAST CHAMPARAN,MOTHIHARI,territorial,26.6598,84.7172,BH-5128012,spatial+name,1.0
BH-PS-5128013,5128013,KOTWA,EAST CHAMPARAN,MOTHIHARI,territorial,26.5185,84.8419,BH-5128013,spatial+name,1.0
BH-PS-5128014,5128014,KALYANPUR,EAST CHAMPARAN,MOTHIHARI,territorial,26.0514,84.4274,,district-conflict,0.0
BH-PS-5128015,5128015,KESARIA,EAST CHAMPARAN,MOTHIHARI,territorial,26.3487,84.8798,BH-5128015,spatial+name,1.0
BH-PS-5128016,5128016,MEHSI,EAST CHAMPARAN,MOTHIHARI,territorial,26.3534,85.1093,BH-5128016,spatial+name,1.0
BH-PS-5128017,5128017,MUFASSIL,EAST CHAMPARAN,MOTHIHARI,territorial,26.6451,84.9037,BH-5128017,spatial+name,1.0
BH-PS-5128018,5128018,MADHUBAN,EAST CHAMPARAN,MOTHIHARI,territorial,26.4478,85.116,BH-5128018,spatial+name,1.0
BH-PS-5128019,5128019,KUNDWA CHAINPUR,EAST CHAMPARAN,MOTHIHARI,territorial,26.7707,85.185,BH-5128008,spatial-only,0.316
BH-PS-5128020,5128020,NAGAR,EAST CHAMPARAN,MOTHIHARI,territorial,26.6507,84.9118,BH-5128017,spatial-only,0.167
BH-PS-5128021,5128021,DUMARIA,EAST CHAMPARAN,MOTHIHARI,territorial,26.3708,84.3573,,district-conflict,0.0
BH-PS-5128023,5128023,PATAHI,EAST CHAMPARAN,MOTHIHARI,territorial,26.6473,84.8299,BH-5128035,spatial-only,0.267
BH-PS-5128024,5128024,PAKRIDAYAL,EAST CHAMPARAN,MOTHIHARI,territorial,26.5464,85.0653,BH-5128024,spatial+name,1.0
BH-PS-5128025,5128025,PAHARPUR,EAST CHAMPARAN,MOTHIHARI,territorial,26.5958,84.5966,BH-5128025,spatial+name,1.0
BH-PS-5128026,5128026,NAKARDEI,EAST CHAMPARAN,MOTHIHARI,territorial,26.9493,84.8861,BH-5128026,spatial+name,1.0
BH-PS-5128027,5128027,PIPRA KOTHI,EAST CHAMPARAN,MOTHIHARI,territorial,26.5464,84.9389,BH-5128027,spatial+name,1.0
BH-PS-5128028,5128028,RAMGARHWA,EAST CHAMPARAN,MOTHIHARI,territorial,26.8783,84.7823,BH-5128028,spatial+name,1.0
BH-PS-5128029,5128029,PALANWA,EAST CHAMPARAN,MOTHIHARI,territorial,26.9528,84.7707,BH-5128030,spatial-only,0.308
BH-PS-5128030,5128030,RAXAUL,EAST CHAMPARAN,MOTHIHARI,territorial,26.983,84.8521,BH-5128030,spatial+name,1.0
BH-PS-5128031,5128031,SUGAULI,EAST CHAMPARAN,MOTHIHARI,territorial,26.7585,84.7325,BH-5128031,spatial+name,1.0
BH-PS-5128032,5128032,RAJEPUR,EAST CHAMPARAN,MOTHIHARI,territorial,26.4039,85.1998,BH-5128032,spatial+name,1.0
BH-PS-5128033,5128033,SANGRAMPUR,EAST CHAMPARAN,MOTHIHARI,territorial,26.4721,84.6987,BH-5128033,spatial+name,1.0
BH-PS-5128035,5128035,TURKAULIA,EAST CHAMPARAN,MOTHIHARI,territorial,26.6107,84.8273,BH-5128035,spatial+name,1.0
BH-PS-5128036,5128036,SHIKARGANJ,EAST CHAMPARAN,MOTHIHARI,territorial,26.6309,85.1168,BH-5128005,spatial-only,0.471
BH-PS-5128038,5128038,HARPUR,EAST CHAMPARAN,MOTHIHARI,territorial,26.5332,84.9135,BH-5128022,spatial-only,0.182
BH-PS-5128039,5128039,JHAROKHAR,EAST CHAMPARAN,MOTHIHARI,territorial,26.8657,85.1607,BH-5128009,spatial-only,0.235
BH-PS-5128040,5128040,JEETNA,EAST CHAMPARAN,MOTHIHARI,territorial,26.8422,85.0817,BH-5128040,spatial+name,1.0
BH-PS-5128044,5128044,SC/ST,EAST CHAMPARAN,MOTHIHARI,sc_st,26.648738,84.911136,,located-in-BH-5128017-not-mapped,0.182
BH-PS-5128052,5128052,MALAHI,EAST CHAMPARAN,MOTHIHARI,territorial,26.5708,84.5809,BH-5128002,spatial-only,0.333
BH-PS-5128054,5128054,MAHUAWA,EAST CHAMPARAN,MOTHIHARI,territorial,26.5313,85.0116,BH-5128027,spatial-only,0.235
BH-PS-5128055,5128055,Motihari Prohibition,EAST CHAMPARAN,MOTHIHARI,prohibition,26.633574,84.899291,,located-in-BH-5128017-not-mapped,0.154
BH-PS-5114001,5114001,AURAI,MUZAFFARPUR,MUJAFFARPUR,territorial,26.3156,85.5632,BH-5114001,spatial+name,1.0
BH-PS-5114003,5114003,AHIYAPUR,MUZAFFARPUR,MUJAFFARPUR,territorial,26.1517,85.4012,BH-5114003,spatial+name,1.0
BH-PS-5114006,5114006,BARURAJ,MUZAFFARPUR,MUJAFFARPUR,territorial,26.2597,85.1168,BH-5114006,spatial+name,1.0
BH-PS-5114008,5114008,BOCHAHA,MUZAFFARPUR,MUJAFFARPUR,territorial,26.1637,85.4556,BH-5114008,spatial+name,1.0
BH-PS-5114009,5114009,DEORIA,MUZAFFARPUR,MUJAFFARPUR,territorial,26.1806,85.0103,BH-5114009,spatial+name,1.0
BH-PS-5114010,5114010,BRAHMPURA,MUZAFFARPUR,MUJAFFARPUR,territorial,26.134,85.3649,BH-5114054,spatial-only,0.417
BH-PS-5114018,5114018,GAIGHAT,MUZAFFARPUR,MUJAFFARPUR,territorial,26.1337,85.6546,BH-5114011,spatial-only,0.154
BH-PS-5114020,5114020,HATHAURI,MUZAFFARPUR,MUJAFFARPUR,territorial,26.2517,85.5202,BH-5114020,spatial-only,0.667
BH-PS-5114022,5114022,KARZA,MUZAFFARPUR,MUJAFFARPUR,territorial,26.083753,85.228279,BH-5114022,spatial+name,1.0
BH-PS-5114023,5114023,MUSHAHARI,MUZAFFARPUR,MUJAFFARPUR,territorial,26.0915,85.4483,BH-5114023,spatial+name,1.0
BH-PS-5114024,5114024,KATHAIYA,MUZAFFARPUR,MUJAFFARPUR,territorial,26.1955,85.1034,BH-5114012,spatial-only,0.286
BH-PS-5114025,5114025,KANTI,MUZAFFARPUR,MUJAFFARPUR,territorial,26.2304,85.2997,BH-5114025,spatial+name,1.0
BH-PS-5114026,5114026,KATRA,MUZAFFARPUR,MUJAFFARPUR,territorial,26.2207,85.6409,BH-5114026,spatial+name,1.0
BH-PS-5114027,5114027,KAZI MOHAMMADPUR,MUZAFFARPUR,MUJAFFARPUR,territorial,26.1177,85.3785,BH-5114054,spatial-only,0.345
BH-PS-5114028,5114028,KUDHANI,MUZAFFARPUR,MUJAFFARPUR,territorial,25.9831,85.3361,BH-5114028,spatial-only,0.8
BH-PS-5114031,5114031,VISHWAVIDYALAYA,MUZAFFARPUR,MUJAFFARPUR,territorial,26.1128,85.3776,BH-5114054,spatial-only,0.267
BH-PS-5114032,5114032,NAGAR,MUZAFFARPUR,MUJAFFARPUR,territorial,26.118326,85.384488,BH-5114054,spatial-only,0.3
BH-PS-5114033,5114033,MANIARI,MUZAFFARPUR,MUJAFFARPUR,territorial,26.0325,85.4605,BH-5114033,spatial+name,1.0
BH-PS-5114034,5114034,MITHANPURA,MUZAFFARPUR,MUJAFFARPUR,territorial,26.1164,85.3978,BH-5114054,spatial-only,0.48
BH-PS-5114037,5114037,MINAPUR,MUZAFFARPUR,MUJAFFARPUR,territorial,26.2278,85.3799,BH-5114037,spatial+name,1.0
BH-PS-5114038,5114038,MOTIPUR,MUZAFFARPUR,MUJAFFARPUR,territorial,26.2601,85.1484,BH-5114024,spatial-only,0.308
BH-PS-5114042,5114042,PARU,MUZAFFARPUR,MUJAFFARPUR,territorial,26.1161,85.0354,BH-5114042,spatial+name,1.0
BH-PS-5114044,5114044,PIYAR,MUZAFFARPUR,MUJAFFARPUR,territorial,26.036,85.5774,BH-5114044,spatial+name,1.0
BH-PS-5114054,5114054,SADAR,MUZAFFARPUR,MUJAFFARPUR,territorial,26.1209,85.3588,BH-5114054,spatial-only,0.5
BH-PS-5114055,5114055,SAHEBGANJ,MUZAFFARPUR,MUJAFFARPUR,territorial,26.3017,84.9319,BH-5114055,spatial+name,1.0
BH-PS-5114056,5114056,SARAIYA,MUZAFFARPUR,MUJAFFARPUR,territorial,26.0364,85.0602,BH-5114042,spatial-only,0.4
BH-PS-5114057,5114057,SAKRA,MUZAFFARPUR,MUJAFFARPUR,territorial,25.9772,85.5618,BH-5114057,spatial+name,1.0
BH-PS-5114058,5114058,SIWAIPATTI,MUZAFFARPUR,MUJAFFARPUR,territorial,26.34,85.2896,BH-5114058,spatial+name,0.889
BH-PS-5114069,5114069,Panapur,MUZAFFARPUR,MUJAFFARPUR,territorial,26.2412,85.2482,BH-5114058,spatial-only,0.25
BH-PS-5114073,5114073,Turki Khararu,MUZAFFARPUR,MUJAFFARPUR,territorial,26.0286,85.3401,BH-5114073,spatial-only,0.625
BH-PS-5114074,5114074,Muzaffarpur Prohibition,MUZAFFARPUR,MUJAFFARPUR,prohibition,26.123529,85.380912,,located-in-BH-5114054-not-mapped,0.611
BH-PS-5113012,5113012,ASAR GANJ,MUNGER,MUNGER,territorial,25.1481,86.6868,BH-5113012,spatial+name,1.0
BH-PS-5113015,5113015,BARIARPUR,MUNGER,MUNGER,territorial,25.2821,86.5746,BH-5113015,spatial+name,1.0
BH-PS-5113019,5113019,SC/ST,MUNGER,MUNGER,sc_st,25.3692,86.4753,,located-in-BH-5113038-not-mapped,0.182
BH-PS-5113021,5113021,EAST COLONY,MUNGER,MUNGER,territorial,25.3193,86.4998,BH-5113021,spatial+name,1.0
BH-PS-5113022,5113022,JAMALPUR,MUNGER,MUNGER,territorial,25.3216,86.4923,BH-5113022,spatial+name,1.0
BH-PS-5113026,5113026,DHARHARA,MUNGER,MUNGER,territorial,25.2559,86.4132,BH-5113026,spatial+name,0.941
BH-PS-5113027,5113027,NAYA RAMNAGAR,MUNGER,MUNGER,territorial,25.3481,86.5247,BH-5113027,spatial+name,1.0
BH-PS-5113029,5113029,KHARAGPUR,MUNGER,MUNGER,territorial,25.1277,86.5624,BH-5113029,spatial+name,1.0
BH-PS-5113030,5113030,KASIM BAZAAR,MUNGER,MUNGER,territorial,25.355,86.4737,BH-5113030,spatial+name,0.952
BH-PS-5113037,5113037,MUFFASSIL,MUNGER,MUNGER,territorial,25.3735,86.4886,BH-5113030,spatial-only,0.333
BH-PS-5113038,5113038,KOTWALI,MUNGER,MUNGER,territorial,25.3823,86.4732,BH-5113038,spatial+name,1.0
BH-PS-5113045,5113045,SANGRAMPUR,MUNGER,MUNGER,territorial,24.9524,86.597,BH-5113045,spatial+name,1.0
BH-PS-5113052,5113052,TARAPUR,MUNGER,MUNGER,territorial,25.0899,86.6634,BH-5113052,spatial+name,1.0
BH-PS-5113055,5113055,MAHILA,MUNGER,MUNGER,mahila,25.3724,86.4693,,located-in-BH-5113030-not-mapped,0.471
BH-PS-5113061,5113061,Munger Prohibition,MUNGER,MUNGER,prohibition,25.37571,86.474373,,located-in-BH-5113038-not-mapped,0.167
BH-PS-5134001,5134001,EKANGARSARAI,NALANDA,NALANDA,territorial,25.2236,85.2331,BH-5134001,spatial+name,1.0
BH-PS-5134002,5134002,ASTHAWAN,NALANDA,NALANDA,territorial,25.2159,85.6271,BH-5134002,spatial+name,1.0
BH-PS-5134004,5134004,AUNGARI,NALANDA,NALANDA,territorial,25.1935,85.2521,BH-5134004,spatial+name,1.0
BH-PS-5134005,5134005,BIHAR,NALANDA,NALANDA,territorial,25.204,85.5243,BH-5134023,spatial-only,0.182
BH-PS-5134007,5134007,BIND,NALANDA,NALANDA,territorial,25.3095,85.6872,BH-5134007,spatial+name,1.0
BH-PS-5134008,5134008,CHANDI,NALANDA,NALANDA,territorial,25.3245,85.4042,BH-5134008,spatial+name,1.0
BH-PS-5134009,5134009,DEEP NAGAR,NALANDA,NALANDA,territorial,25.1501,85.4898,BH-5134009,spatial+name,1.0
BH-PS-5134010,5134010,GIRIYAK,NALANDA,NALANDA,territorial,25.0278,85.5314,BH-5134010,spatial+name,1.0
BH-PS-5134011,5134011,HILSA,NALANDA,NALANDA,territorial,25.32,85.28,BH-5134011,spatial+name,1.0
BH-PS-5134013,5134013,RAJGIR,NALANDA,NALANDA,territorial,25.0233,85.4264,BH-5134013,spatial+name,1.0
BH-PS-5134015,5134015,HARNAUT,NALANDA,NALANDA,territorial,25.3732,85.5368,BH-5134015,spatial+name,1.0
BH-PS-5134016,5134016,ISLAMPUR,NALANDA,NALANDA,territorial,25.15,85.2,BH-5134016,spatial+name,1.0
BH-PS-5134017,5134017,NOORSARAI,NALANDA,NALANDA,territorial,25.2738,85.4567,BH-5134017,spatial+name,1.0
BH-PS-5134018,5134018,RAHUI,NALANDA,NALANDA,territorial,25.2728,85.5556,BH-5134018,spatial+name,1.0
BH-PS-5134019,5134019,SILAO,NALANDA,NALANDA,territorial,25.081,85.4309,BH-5134019,spatial+name,1.0
BH-PS-5134020,5134020,SARMERA,NALANDA,NALANDA,territorial,25.2594,85.805,BH-5134020,spatial+name,1.0
BH-PS-5134021,5134021,KARAI PARASURAI,NALANDA,NALANDA,territorial,25.3783,85.2778,BH-5134021,spatial+name,0.963
BH-PS-5134023,5134023,LAHERI,NALANDA,NALANDA,territorial,25.1921,85.5169,BH-5134023,spatial+name,1.0
BH-PS-5134024,5134024,MANPUR,NALANDA,NALANDA,territorial,25.136,85.6,BH-5134024,spatial+name,1.0
BH-PS-5134025,5134025,PARWALPUR,NALANDA,NALANDA,territorial,25.2103,85.3622,BH-5134025,spatial+name,1.0
BH-PS-5134026,5134026,NALANDA,NALANDA,NALANDA,territorial,25.1248,85.4607,BH-5134026,spatial+name,1.0
BH-PS-5134028,5134028,TELMAR,NALANDA,NALANDA,territorial,25.4202,85.4356,BH-5134028,spatial+name,1.0
BH-PS-5134029,5134029,VENA,NALANDA,NALANDA,territorial,25.1249,85.4599,BH-5134026,spatial-only,0.364
BH-PS-5134035,5134035,CHHABILAPUR,NALANDA,NALANDA,territorial,25.0439,85.3183,BH-5134035,spatial+name,1.0
BH-PS-5134037,5134037,KHUDA GANJ,NALANDA,NALANDA,territorial,25.0822,85.2195,BH-5134037,spatial+name,1.0
BH-PS-5134039,5134039,NAGARNAUSA,NALANDA,NALANDA,territorial,25.3939,85.3469,BH-5134039,spatial+name,1.0
BH-PS-5134041,5134041,CHIKSOHRA,NALANDA,NALANDA,territorial,25.3207,85.2777,BH-5134011,spatial-only,0.571
BH-PS-5134042,5134042,KATRI SARAI,NALANDA,NALANDA,territorial,25.0875,85.6342,BH-5134042,spatial+name,1.0
BH-PS-5134043,5134043,MAHILA,NALANDA,NALANDA,mahila,25.197,85.518,,located-in-BH-5134023-not-mapped,0.5
BH-PS-5134065,5134065,SARE,NALANDA,NALANDA,territorial,25.2101,85.6201,BH-5134002,spatial-only,0.333
BH-PS-5134067,5134067,SOH SARAI,NALANDA,NALANDA,territorial,25.226,85.516,BH-5134067,spatial+name,1.0
BH-PS-5134069,5134069,THARTHARI,NALANDA,NALANDA,territorial,25.29,85.3896,BH-5134069,spatial+name,1.0
BH-PS-5134070,5134070,TELHARA,NALANDA,NALANDA,territorial,25.2029,85.5394,BH-5134023,spatial-only,0.308
BH-PS-5134071,5134071,Ben,NALANDA,NALANDA,territorial,25.1521,85.3621,BH-5134071,spatial+name,1.0
BH-PS-5134072,5134072,Nalanda Prohibition,NALANDA,NALANDA,prohibition,25.204555,85.525093,,located-in-BH-5134023-not-mapped,0.333
BH-PS-5798010,5798010,BIHPUR,NAUGACHHIA,NAUGHACHHIA,territorial,25.3827,86.9346,BH-5798010,spatial+name,1.0
BH-PS-5798011,5798011,ISMAILPUR,NAUGACHHIA,NAUGHACHHIA,territorial,25.3013,87.1023,BH-5798040,spatial-only,0.095
BH-PS-5798012,5798012,DHOLBAJJA,NAUGACHHIA,NAUGHACHHIA,territorial,25.4694,87.0931,,district-conflict,0.0
BH-PS-5798020,5798020,GOPALPUR,NAUGACHHIA,NAUGHACHHIA,territorial,25.2375,87.0162,,district-conflict,0.0
BH-PS-5798023,5798023,KHARIK,NAUGACHHIA,NAUGHACHHIA,territorial,25.3675,87.0022,BH-5798023,spatial+name,1.0
BH-PS-5798024,5798024,SC/ST,NAUGACHHIA,NAUGHACHHIA,sc_st,25.3843359,87.1121698,,located-in-BH-5798037-not-mapped,0.154
BH-PS-5798025,5798025,MAHILA,NAUGACHHIA,NAUGHACHHIA,mahila,25.3845982,87.11197,,located-in-BH-5798037-not-mapped,0.533
BH-PS-5798037,5798037,NAUGACHHIA,NAUGACHHIA,NAUGHACHHIA,territorial,25.3865,87.1034,BH-5798037,spatial+name,1.0
BH-PS-5798038,5798038,PARBATTA,NAUGACHHIA,NAUGHACHHIA,territorial,25.3498,87.0591,BH-5798038,spatial+name,1.0
BH-PS-5136001,5136001,AKBARPUR,NAWADA,NAWADA,territorial,24.7504,85.5566,BH-5136001,spatial+name,1.0
BH-PS-5136005,5136005,GOBINDPUR,NAWADA,NAWADA,territorial,24.7814,85.6898,BH-5136005,spatial+name,0.889
BH-PS-5136008,5136008,KASHICHAK,NAWADA,NAWADA,territorial,25.0704,85.7203,BH-5136008,spatial+name,0.941
BH-PS-5136010,5136010,HISUA,NAWADA,NAWADA,territorial,24.8382,85.4174,BH-5136010,spatial+name,1.0
BH-PS-5136011,5136011,KAUAKOL,NAWADA,NAWADA,territorial,24.8387,85.8893,BH-5136011,spatial+name,0.857
BH-PS-5136012,5136012,NARHAT,NAWADA,NAWADA,territorial,24.7868,85.4265,BH-5136012,spatial+name,1.0
BH-PS-5136013,5136013,NAGAR,NAWADA,NAWADA,territorial,24.8911,85.541,BH-5136013,spatial-only,0.545
BH-PS-5136014,5136014,PAKRI BARAWAN,NAWADA,NAWADA,territorial,24.9574,85.7405,BH-5136014,spatial+name,0.96
BH-PS-5136015,5136015,RAJAULI,NAWADA,NAWADA,territorial,24.6387,85.4994,BH-5136015,spatial+name,1.0
BH-PS-5136017,5136017,NARDIGANJ,NAWADA,NAWADA,territorial,24.9403,85.4297,BH-5136017,spatial+name,1.0
BH-PS-5136018,5136018,MUFASSIL,NAWADA,NAWADA,territorial,24.9383,85.533,BH-5136018,spatial+name,1.0
BH-PS-5136019,5136019,ROH,NAWADA,NAWADA,territorial,24.8909,85.6655,BH-5136019,spatial+name,1.0
BH-PS-5136020,5136020,SIRDALLA,NAWADA,NAWADA,territorial,24.6558,85.3945,BH-5136020,spatial+name,1.0
BH-PS-5136021,5136021,WARIS ALIGANJ,NAWADA,NAWADA,territorial,25.0074,85.6375,BH-5136021,spatial+name,1.0
BH-PS-5136022,5136022,SC/ST,NAWADA,NAWADA,sc_st,24.8903,85.5412,,located-in-BH-5136013-not-mapped,0.0
BH-PS-5136023,5136023,MAHILA,NAWADA,NAWADA,mahila,24.8903,85.5412,,located-in-BH-5136013-not-mapped,0.333
BH-PS-5136041,5136041,Nawada Prohibition,NAWADA,NAWADA,prohibition,24.894883,85.518548,,located-in-BH-5136013-not-mapped,0.522
BH-PS-5117001,5117001,ALAMGANJ,PATNA,PATNA,territorial,25.6102,85.2049,BH-5117001,spatial+name,1.0
BH-PS-5117002,5117002,ATHMALGOLA,PATNA,PATNA,territorial,25.4603,85.6006,BH-5117002,spatial+name,1.0
BH-PS-5117004,5117004,AGAMKUAN,PATNA,PATNA,territorial,25.5897,85.1695,BH-5117004,spatial+name,1.0
BH-PS-5117005,5117005,BAKHTIARPUR,PATNA,PATNA,territorial,25.4604,85.5332,BH-5117005,spatial+name,1.0
BH-PS-5117006,5117006,BARH,PATNA,PATNA,territorial,25.4809,85.7068,BH-5117006,spatial+name,1.0
BH-PS-5117008,5117008,BIHTA,PATNA,PATNA,territorial,25.5734,84.8705,BH-5117008,spatial+name,1.0
BH-PS-5117009,5117009,BIKRAM,PATNA,PATNA,territorial,25.4471,84.8636,BH-5117009,spatial+name,1.0
BH-PS-5117010,5117010,BHADAUR,PATNA,PATNA,territorial,25.6064,85.1758,BH-5117082,spatial-only,0.706
BH-PS-5117012,5117012,BUDDHA COLONY,PATNA,PATNA,territorial,25.6222,85.1272,BH-5117012,spatial+name,1.0
BH-PS-5117014,5117014,CHOWK,PATNA,PATNA,territorial,25.5969,85.2306,BH-5117014,spatial-only,0.714
BH-PS-5117016,5117016,BELCHHI,PATNA,PATNA,territorial,25.3602,85.6571,BH-5117016,spatial+name,1.0
BH-PS-5117017,5117017,BHAGWANGANJ,PATNA,PATNA,territorial,25.3022,84.9347,BH-5117017,spatial+name,1.0
BH-PS-5117018,5117018,DHANARUA,PATNA,PATNA,territorial,25.3549,85.1263,BH-5117018,spatial+name,1.0
BH-PS-5117019,5117019,DIGHA,PATNA,PATNA,territorial,25.6478,85.0819,BH-5117019,spatial+name,1.0
BH-PS-5117022,5117022,DANAPUR,PATNA,PATNA,territorial,25.6389,85.0491,BH-5117022,spatial+name,1.0
BH-PS-5117024,5117024,DULHIN BAZAAR,PATNA,PATNA,territorial,25.3918,84.8602,BH-5117024,spatial+name,1.0
BH-PS-5117026,5117026,FATUHA,PATNA,PATNA,territorial,25.5085,85.301,BH-5117026,spatial-only,0.667
BH-PS-5117028,5117028,GANDHI MAIDAN,PATNA,PATNA,territorial,25.615,85.1483,BH-5117028,spatial+name,1.0
BH-PS-5117029,5117029,GARDANI BAGH,PATNA,PATNA,territorial,25.596,85.118,BH-5117029,spatial+name,1.0
BH-PS-5117031,5117031,GAURICHAK,PATNA,PATNA,territorial,25.4908,85.1842,BH-5117031,spatial+name,0.889
BH-PS-5117034,5117034,HATHIDAH,PATNA,PATNA,territorial,25.3747,85.981,BH-5117051,spatial-only,0.286
BH-PS-5117035,5117035,DANIYAWAN,PATNA,PATNA,territorial,25.4374,85.2909,BH-5117035,spatial+name,1.0
BH-PS-5117036,5117036,GHOSWARI,PATNA,PATNA,territorial,25.3602,85.8956,BH-5117036,spatial+name,1.0
BH-PS-5117037,5117037,MARANCHI,PATNA,PATNA,territorial,25.3492,85.9967,BH-5117051,spatial-only,0.286
BH-PS-5117038,5117038,PIPRA,PATNA,PATNA,territorial,25.5379,85.1274,BH-5117056,spatial-only,0.4
BH-PS-5117039,5117039,SAKSOHARA,PATNA,PATNA,territorial,25.3631,85.7027,BH-5117016,spatial-only,0.133
BH-PS-5117040,5117040,SHAHJEHANPUR,PATNA,PATNA,territorial,25.4093,85.3,BH-5117035,spatial-only,0.2
BH-PS-5117041,5117041,KADAMKUAN,PATNA,PATNA,territorial,25.6069,85.1682,BH-5117041,spatial+name,1.0
BH-PS-5117042,5117042,KHAGAUL,PATNA,PATNA,territorial,25.578,85.0474,BH-5117042,spatial+name,1.0
BH-PS-5117043,5117043,KHAJEKALAN,PATNA,PATNA,territorial,25.6003,85.22,BH-5117043,spatial+name,1.0
BH-PS-5117044,5117044,KOTWALI,PATNA,PATNA,territorial,25.6114,85.1342,BH-5117028,spatial-only,0.211
BH-PS-5117045,5117045,KHUSRUPUR,PATNA,PATNA,territorial,25.4839,85.3872,BH-5117045,spatial+name,1.0
BH-PS-5117046,5117046,SRI KRISHNA PURI,PATNA,PATNA,territorial,25.6187,85.1099,BH-5117046,spatial-only,0.6
BH-PS-5117047,5117047,JANIPUR,PATNA,PATNA,territorial,25.5171,85.0257,BH-5117047,spatial+name,1.0
BH-PS-5117048,5117048,MALSALAMI,PATNA,PATNA,territorial,25.5882,85.2379,BH-5117048,spatial+name,1.0
BH-PS-5117049,5117049,MANER,PATNA,PATNA,territorial,25.6476,84.8855,BH-5117049,spatial+name,1.0
BH-PS-5117050,5117050,MASAURHI,PATNA,PATNA,territorial,25.3531,85.0311,BH-5117050,spatial+name,1.0
BH-PS-5117051,5117051,MOKAMAH,PATNA,PATNA,territorial,25.3983,85.9158,BH-5117051,spatial+name,0.923
BH-PS-5117053,5117053,MEHANDIGANJ,PATNA,PATNA,territorial,25.5892,85.2074,BH-5117053,spatial+name,1.0
BH-PS-5117054,5117054,NAUBATPUR,PATNA,PATNA,territorial,25.5008,84.9664,BH-5117054,spatial+name,1.0
BH-PS-5117056,5117056,PARSA BAZAAR,PATNA,PATNA,territorial,25.5292,85.1137,BH-5117056,spatial+name,1.0
BH-PS-5117057,5117057,PATRAKAR NAGAR,PATNA,PATNA,territorial,25.5897,85.1597,BH-5117057,spatial+name,1.0
BH-PS-5117058,5117058,PALIGANJ,PATNA,PATNA,territorial,25.3282,84.802,BH-5117058,spatial+name,1.0
BH-PS-5117059,5117059,PANDARAK,PATNA,PATNA,territorial,25.4941,85.7928,BH-5117059,spatial+name,1.0
BH-PS-5117060,5117060,PHULWARI,PATNA,PATNA,territorial,25.5758,85.0687,BH-5117060,spatial-only,0.7
BH-PS-5117061,5117061,PIRBAHORE,PATNA,PATNA,territorial,25.62,85.1556,BH-5117061,spatial+name,1.0
BH-PS-5117062,5117062,PUNPUN,PATNA,PATNA,territorial,25.5002,85.1019,BH-5117062,spatial+name,1.0
BH-PS-5117063,5117063,JAKKANPUR,PATNA,PATNA,territorial,25.5946,85.1377,BH-5117063,spatial+name,1.0
BH-PS-5117064,5117064,SACHIWALAYA,PATNA,PATNA,territorial,25.5996,85.1222,BH-5117064,spatial+name,1.0
BH-PS-5117065,5117065,KANKAR BAGH,PATNA,PATNA,territorial,25.5988,85.1565,BH-5117065,spatial+name,1.0
BH-PS-5117069,5117069,PATLIPUTRA,PATNA,PATNA,territorial,25.6293,85.1016,BH-5117019,spatial-only,0.143
BH-PS-5117073,5117073,SULTANGANJ,PATNA,PATNA,territorial,25.6159,85.1824,BH-5117073,spatial+name,1.0
BH-PS-5117075,5117075,RANIA TALAB,PATNA,PATNA,territorial,25.3806,84.7742,BH-5117075,spatial+name,0.947
BH-PS-5117077,5117077,SHAHPUR,PATNA,PATNA,territorial,25.5988,85.3988,,district-conflict,0.0
BH-PS-5117079,5117079,SIGAURI,PATNA,PATNA,territorial,25.2965,84.8978,BH-5117079,spatial-only,0.714
BH-PS-5117081,5117081,SHASTRI NAGAR,PATNA,PATNA,territorial,25.6059,85.101,BH-5117081,spatial+name,1.0
BH-PS-5117082,5117082,BAHADURPUR,PATNA,PATNA,territorial,25.6064,85.1758,BH-5117082,spatial+name,1.0
BH-PS-5117083,5117083,BEUR,PATNA,PATNA,territorial,25.5735,85.0953,BH-5117083,spatial-only,0.615
BH-PS-5117084,5117084,GOPALPUR,PATNA,PATNA,territorial,25.5375,85.1739,BH-5117084,spatial+name,1.0
BH-PS-5117085,5117085,BYEPASS,PATNA,PATNA,territorial,25.58,85.2207,BH-5117085,spatial+name,0.909
BH-PS-5117086,5117086,HAWAI ADDA,PATNA,PATNA,territorial,25.5939,85.0856,BH-5117003,spatial-only,0.267
BH-PS-5117087,5117087,KADIRGANJ,PATNA,PATNA,territorial,25.2914,85.0848,BH-5117087,spatial+name,1.0
BH-PS-5117088,5117088,KHIRI MORE,PATNA,PATNA,territorial,25.2821,84.792,BH-5117088,spatial+name,0.941
BH-PS-5117089,5117089,MAHILA,PATNA,PATNA,mahila,25.6156,85.1484,,located-in-BH-5117028-not-mapped,0.444
BH-PS-5117090,5117090,NTPC,PATNA,PATNA,territorial,25.4902,85.7375,BH-5117059,spatial-only,0.167
BH-PS-5117092,5117092,RAJEEV NAGAR,PATNA,PATNA,territorial,25.6282,85.0849,BH-5117019,spatial-only,0.429
BH-PS-5117093,5117093,RAM KRISHNA NAGAR,PATNA,PATNA,territorial,25.579,85.1456,BH-5117093,spatial+name,1.0
BH-PS-5117095,5117095,RUPASPUR,PATNA,PATNA,territorial,25.5776,85.0474,BH-5117042,spatial-only,0.143
BH-PS-5117096,5117096,SALIMPUR,PATNA,PATNA,territorial,25.468,85.4693,BH-5117005,spatial-only,0.556
BH-PS-5117103,5117103,Patna Prohibition,PATNA,PATNA,prohibition,25.600435,85.179239,,located-in-BH-5117004-not-mapped,0.167
BH-PS-5118001,5118001,AMAUR,PURNIA,PURNEA,territorial,25.9638,87.7213,BH-5118001,spatial-only,0.8
BH-PS-5118002,5118002,BHAWANIPUR,PURNIA,PURNEA,territorial,25.6518,87.1396,BH-5118002,spatial+name,1.0
BH-PS-5118003,5118003,ANGARH,PURNIA,PURNEA,territorial,26.1075,87.81,,district-conflict,0.0
BH-PS-5118004,5118004,Maranga,PURNIA,PURNEA,territorial,25.74787,87.46619,BH-5118064,spatial-only,0.222
BH-PS-5118006,5118006,Mufassil,PURNIA,PURNEA,territorial,25.4409362,87.303827,,district-conflict,0.0
BH-PS-5118008,5118008,RUPAULI,PURNIA,PURNEA,territorial,25.5785,87.1496,BH-5118008,spatial+name,1.0
BH-PS-5118011,5118011,BARHARA KOTHI,PURNIA,PURNEA,territorial,25.7766,87.0965,BH-5118011,spatial-only,0.737
BH-PS-5118013,5118013,BANMANKHI,PURNIA,PURNEA,territorial,25.8871,87.1906,BH-5118013,spatial+name,1.0
BH-PS-5118019,5118019,DHAMDAHA,PURNIA,PURNEA,territorial,25.7388,87.1818,BH-5118019,spatial+name,1.0
BH-PS-5118028,5118028,JANKI NAGAR,PURNIA,PURNEA,territorial,25.8784,87.1186,BH-5118028,spatial+name,1.0
BH-PS-5118039,5118039,KHAJANCHI HAT,PURNIA,PURNEA,territorial,25.7806,87.4692,BH-5118064,spatial-only,0.273
BH-PS-5118044,5118044,MIRGANJ,PURNIA,PURNEA,territorial,25.7428,87.2773,BH-5118044,spatial+name,1.0
BH-PS-5118046,5118046,KRITYANAND NAGAR,PURNIA,PURNEA,territorial,25.82,87.3951,BH-5118046,spatial+name,1.0
BH-PS-5118050,5118050,KASBA,PURNIA,PURNEA,territorial,25.8543,87.5359,BH-5118050,spatial+name,1.0
BH-PS-5118052,5118052,JALALGARH,PURNIA,PURNEA,territorial,25.948,87.5365,BH-5118052,spatial+name,1.0
BH-PS-5118062,5118062,RAUTA,PURNIA,PURNEA,territorial,26.0276,87.7067,BH-5118062,spatial+name,1.0
BH-PS-5118064,5118064,SADAR,PURNIA,PURNEA,territorial,25.8008,87.515,BH-5118064,spatial-only,0.625
BH-PS-5118068,5118068,SARSI,PURNIA,PURNEA,territorial,25.8545,87.2886,BH-5118068,spatial+name,1.0
BH-PS-5118071,5118071,BAISI,PURNIA,PURNEA,territorial,25.8674,87.7495,BH-5118071,spatial+name,1.0
BH-PS-5118075,5118075,TIKAPATTI,PURNIA,PURNEA,territorial,25.518,87.216,BH-5118075,spatial+name,1.0
BH-PS-5118077,5118077,Dagarua,PURNIA,PURNEA,territorial,25.811,87.6266,BH-5118077,spatial+name,1.0
BH-PS-5118079,5118079,Purnea Prohibition,PURNIA,PURNEA,prohibition,25.778487,87.473384,,located-in-BH-5118064-not-mapped,0.429
BH-PS-5782006,5782006,BHAGALPUR,RLY JAMALPUR,RLY JAMALPUR,railway,25.241698,86.973331,,district-conflict,0.0
BH-PS-5782012,5782012,JAMALPUR,RLY JAMALPUR,RLY JAMALPUR,railway,25.314503,86.49273,,district-conflict,0.0
BH-PS-5782015,5782015,JHAJHA,RLY JAMALPUR,RLY JAMALPUR,railway,24.773226,86.386268,,district-conflict,0.0
BH-PS-5782019,5782019,KIUL,RLY JAMALPUR,RLY JAMALPUR,railway,25.172866,86.105573,,district-conflict,0.0
BH-PS-5784007,5784007,BARAUNI,RLY KATIHAR,RLY KATIHAR,railway,25.45999,85.99196,,district-conflict,0.0
BH-PS-5784008,5784008,BEGUSARAI,RLY KATIHAR,RLY KATIHAR,railway,25.4249,86.13461,,district-conflict,0.0
BH-PS-5784017,5784017,KATIHAR,RLY KATIHAR,RLY KATIHAR,railway,25.54816,87.566,,district-conflict,0.0
BH-PS-5784019,5784019,KHAGARIA,RLY KATIHAR,RLY KATIHAR,railway,25.50193,86.47003,,district-conflict,0.0
BH-PS-5784020,5784020,KISHANGANJ,RLY KATIHAR,RLY KATIHAR,railway,26.09845,87.95028,,district-conflict,0.0
BH-PS-5784023,5784023,MANSI,RLY KATIHAR,RLY KATIHAR,railway,25.5099,86.55762,,district-conflict,0.0
BH-PS-5784028,5784028,NAUGACHHIA,RLY KATIHAR,RLY KATIHAR,railway,25.38477,87.09418,,district-conflict,0.0
BH-PS-5784036,5784036,SAHARSA,RLY KATIHAR,RLY KATIHAR,railway,25.87351,86.59522,,district-conflict,0.0
BH-PS-5784039,5784039,BIHPUR,RLY KATIHAR,RLY KATIHAR,railway,25.39215,86.93533,,district-conflict,0.0
BH-PS-5785001,5785001,MOTIHARI,RLY MUJAFFARPUR,RLY MUJAFFARPUR,railway,26.65515,84.90497,,district-conflict,0.0
BH-PS-5785007,5785007,CHHAPRA,RLY MUJAFFARPUR,RLY MUJAFFARPUR,railway,25.7868,84.72698,,district-conflict,0.0
BH-PS-5785011,5785011,DARBHANGA,RLY MUJAFFARPUR,RLY MUJAFFARPUR,railway,26.15444,85.90775,,district-conflict,0.0
BH-PS-5785019,5785019,MUZAFFARPUR,RLY MUJAFFARPUR,RLY MUJAFFARPUR,railway,26.12107,85.38025,,district-conflict,0.0
BH-PS-5785021,5785021,NARKATIYAGANJ,RLY MUJAFFARPUR,RLY MUJAFFARPUR,railway,27.10424,84.46437,,district-conflict,0.0
BH-PS-5785025,5785025,RAXAUL,RLY MUJAFFARPUR,RLY MUJAFFARPUR,railway,26.98647,84.84496,,district-conflict,0.0
BH-PS-5785029,5785029,SAMASTIPUR,RLY MUJAFFARPUR,RLY MUJAFFARPUR,railway,25.85876,85.78817,,district-conflict,0.0
BH-PS-5785030,5785030,SIWAN,RLY MUJAFFARPUR,RLY MUJAFFARPUR,railway,26.21051,84.36046,,district-conflict,0.0
BH-PS-5785031,5785031,SONEPUR,RLY MUJAFFARPUR,RLY MUJAFFARPUR,railway,25.69711,85.16851,,district-conflict,0.0
BH-PS-5785033,5785033,SUGAULI,RLY MUJAFFARPUR,RLY MUJAFFARPUR,railway,26.75871,84.73883,,district-conflict,0.0
BH-PS-5132001,5132001,ARRAH,RLY PATNA,RLY PATNA,railway,25.54882,84.66227,,district-conflict,0.0
BH-PS-5132004,5132004,BAKHTIARPUR,RLY PATNA,RLY PATNA,railway,25.45613,85.533,,district-conflict,0.0
BH-PS-5132005,5132005,BIHARSHARIF,RLY PATNA,RLY PATNA,railway,25.2038,85.5393,,district-conflict,0.0
BH-PS-5132006,5132006,BUXAR,RLY PATNA,RLY PATNA,railway,25.56072,83.98068,,district-conflict,0.0
BH-PS-5132007,5132007,JEHANABAD,RLY PATNA,RLY PATNA,railway,25.22569,84.99115,,district-conflict,0.0
BH-PS-5132008,5132008,DANAPUR,RLY PATNA,RLY PATNA,railway,25.58257,85.04445,,district-conflict,0.0
BH-PS-5132010,5132010,GAYA,RLY PATNA,RLY PATNA,railway,24.80201,84.99932,,district-conflict,0.0
BH-PS-5132017,5132017,MOKAMAH,RLY PATNA,RLY PATNA,railway,25.3927,85.91272,,district-conflict,0.0
BH-PS-5132019,5132019,PATNA,RLY PATNA,RLY PATNA,railway,25.60268,85.13519,,district-conflict,0.0
BH-PS-5132020,5132020,SON NAGAR,RLY PATNA,RLY PATNA,railway,24.88272,84.23014,,district-conflict,0.0
BH-PS-5132021,5132021,SASARAM,RLY PATNA,RLY PATNA,railway,24.9566,84.01905,,district-conflict,0.0
BH-PS-5125001,5125001,KOCHAS,ROHTAS,ROHTAS,territorial,25.2255,83.9186,BH-5125001,spatial+name,1.0
BH-PS-5125002,5125002,DARIHAT,ROHTAS,ROHTAS,territorial,24.9826,84.2422,BH-5125002,spatial+name,1.0
BH-PS-5125004,5125004,BAGHELA,ROHTAS,ROHTAS,territorial,25.0489,84.1839,BH-5125004,spatial-only,0.769
BH-PS-5125006,5125006,CHENARI,ROHTAS,ROHTAS,territorial,24.9186,83.7908,BH-5125006,spatial+name,1.0
BH-PS-5125007,5125007,AMJHAUR,ROHTAS,ROHTAS,territorial,24.7249,84.0054,BH-5125021,spatial-only,0.154
BH-PS-5125008,5125008,CHUTIA,ROHTAS,ROHTAS,territorial,24.5528,83.7472,BH-5125008,spatial+name,1.0
BH-PS-5125010,5125010,DAWAT,ROHTAS,ROHTAS,territorial,25.2991,84.2227,BH-5125010,spatial-only,0.727
BH-PS-5125011,5125011,DINARA,ROHTAS,ROHTAS,territorial,25.2468,84.0675,BH-5125011,spatial+name,1.0
BH-PS-5125012,5125012,NATWAR,ROHTAS,ROHTAS,territorial,25.233,84.1571,BH-5125012,spatial+name,1.0
BH-PS-5125014,5125014,KARAKAT,ROHTAS,ROHTAS,territorial,25.1204,84.3108,BH-5125014,spatial+name,1.0
BH-PS-5125015,5125015,SC/ST,ROHTAS,ROHTAS,sc_st,24.9058,84.1912,,located-in-BH-5125024-not-mapped,0.0
BH-PS-5125016,5125016,KARGHAR,ROHTAS,ROHTAS,territorial,25.1305,83.9263,BH-5125016,spatial+name,0.923
BH-PS-5125017,5125017,AKORHIGOLA,ROHTAS,ROHTAS,territorial,24.9706,84.1936,BH-5125017,spatial+name,0.947
BH-PS-5125018,5125018,NOKHA,ROHTAS,ROHTAS,territorial,25.1041,84.119,BH-5125018,spatial+name,1.0
BH-PS-5125019,5125019,NASRIGANJ,ROHTAS,ROHTAS,territorial,25.0461,84.3286,BH-5125019,spatial+name,1.0
BH-PS-5125021,5125021,ROHTAS,ROHTAS,ROHTAS,territorial,24.6331,83.9604,BH-5125021,spatial+name,1.0
BH-PS-5125022,5125022,SASARAM NAGAR,ROHTAS,ROHTAS,territorial,24.9466,84.0128,BH-5125022,spatial-only,0.64
BH-PS-5125023,5125023,SHIVSAGAR,ROHTAS,ROHTAS,territorial,24.9757,83.9029,BH-5125023,spatial-only,0.778
BH-PS-5125024,5125024,DEHRI,ROHTAS,ROHTAS,territorial,24.8994,84.1819,BH-5125024,spatial+name,1.0
BH-PS-5125025,5125025,BIKRAMGANJ,ROHTAS,ROHTAS,territorial,25.2225,84.2653,BH-5125025,spatial+name,1.0
BH-PS-5125026,5125026,NAUHATTA,ROHTAS,ROHTAS,territorial,24.5492,83.8172,BH-5125026,spatial+name,1.0
BH-PS-5125027,5125027,KACHCHAWAN,ROHTAS,ROHTAS,territorial,25.1479,84.4201,BH-5125027,spatial+name,0.889
BH-PS-5125030,5125030,RAJPUR,ROHTAS,ROHTAS,territorial,25.0756,84.2125,BH-5125030,spatial+name,1.0
BH-PS-5125032,5125032,SANJHAULI,ROHTAS,ROHTAS,territorial,25.1398,84.1787,BH-5125032,spatial+name,0.824
BH-PS-5125036,5125036,SURYAPURA,ROHTAS,ROHTAS,territorial,25.2574,84.2247,BH-5125036,spatial+name,1.0
BH-PS-5125040,5125040,TILAUTHU,ROHTAS,ROHTAS,territorial,24.8096,84.0855,BH-5125040,spatial+name,0.875
BH-PS-5125041,5125041,MAHILA,ROHTAS,ROHTAS,mahila,24.9002,84.1827,,located-in-BH-5125024-not-mapped,0.364
BH-PS-5125046,5125046,Sasaram,ROHTAS,ROHTAS,territorial,24.9533,84.0038,BH-5125022,spatial-only,0.7
BH-PS-5125048,5125048,Darigaon,ROHTAS,ROHTAS,territorial,24.8805,83.9499,BH-5125022,spatial-only,0.286
BH-PS-5125052,5125052,Rohtas Prohibition,ROHTAS,ROHTAS,prohibition,24.93714,84.027733,,located-in-BH-5125048-not-mapped,0.32
BH-PS-5120003,5120003,BANGAON,SAHARSA,SAHARSA,territorial,25.8718,86.518,BH-5120003,spatial+name,1.0
BH-PS-5120004,5120004,MAHISHI,SAHARSA,SAHARSA,territorial,25.8385,86.465,BH-5120004,spatial+name,1.0
BH-PS-5120006,5120006,BASANAHI,SAHARSA,SAHARSA,territorial,25.6886,86.8267,BH-5120006,spatial+name,0.933
BH-PS-5120009,5120009,BIHRA,SAHARSA,SAHARSA,territorial,25.9729,86.5671,BH-5120009,spatial+name,1.0
BH-PS-5120026,5120026,NAUHATTA,SAHARSA,SAHARSA,territorial,26.0004,86.4922,BH-5120026,spatial+name,1.0
BH-PS-5120039,5120039,SALAKHUA,SAHARSA,SAHARSA,territorial,25.6667,86.5953,BH-5120039,spatial+name,1.0
BH-PS-5120042,5120042,SONBARSA RAJ,SAHARSA,SAHARSA,territorial,25.6992,86.7092,BH-5120042,spatial+name,1.0
BH-PS-5120044,5120044,SONBARASA KACHAHARI,SAHARSA,SAHARSA,territorial,25.7937,86.5956,BH-5120038,spatial-only,0.333
BH-PS-5120045,5120045,MAHILA,SAHARSA,SAHARSA,mahila,25.8828,86.5922,,located-in-BH-5120038-not-mapped,0.333
BH-PS-5120046,5120046,SC/ST,SAHARSA,SAHARSA,sc_st,25.8828,86.5922,,located-in-BH-5120038-not-mapped,0.25
BH-PS-5120047,5120047,SIMRI BAKHTIYARPUR,SAHARSA,SAHARSA,territorial,25.7227,86.5845,BH-5120047,spatial+name,1.0
BH-PS-5120050,5120050,SAUR BAZAAR,SAHARSA,SAHARSA,territorial,25.8393,86.6822,BH-5120050,spatial+name,1.0
BH-PS-5120051,5120051,Saharsa Prohibition,SAHARSA,SAHARSA,prohibition,25.892841,86.592058,,located-in-BH-5120038-not-mapped,0.533
BH-PS-5133001,5133001,CHAKMAHESHI,SAMASTIPUR,SAMASTIPUR,territorial,26.0257,85.744477,BH-5133034,spatial+name,0.952
BH-PS-5133002,5133002,ANGARGHAT,SAMASTIPUR,SAMASTIPUR,territorial,25.7994,85.909,BH-5133002,spatial+name,1.0
BH-PS-5133003,5133003,SC/ST,SAMASTIPUR,SAMASTIPUR,sc_st,25.8578,85.783,,located-in-BH-5133024-not-mapped,0.316
BH-PS-5133005,5133005,DALSINGH SARAI,SAMASTIPUR,SAMASTIPUR,territorial,25.6689,85.8364,BH-5133005,spatial+name,1.0
BH-PS-5133006,5133006,HASANPUR,SAMASTIPUR,SAMASTIPUR,territorial,25.54,85.5605,BH-5133001,spatial-only,0.75
BH-PS-5133007,5133007,BITHAN,SAMASTIPUR,SAMASTIPUR,territorial,25.7196,86.212,BH-5133006,spatial-only,0.429
BH-PS-5133008,5133008,MUSRIGHARARI,SAMASTIPUR,SAMASTIPUR,territorial,25.8048,85.7385,BH-5133008,spatial+name,0.957
BH-PS-5133009,5133009,KALYANPUR,SAMASTIPUR,SAMASTIPUR,territorial,25.9305,85.7689,BH-5133009,spatial+name,1.0
BH-PS-5133010,5133010,MOHIUDDIN NAGAR,SAMASTIPUR,SAMASTIPUR,territorial,25.5714,85.6733,BH-5133010,spatial+name,1.0
BH-PS-5133011,5133011,ROSRA,SAMASTIPUR,SAMASTIPUR,territorial,25.7522,86.0253,BH-5133011,spatial+name,0.909
BH-PS-5133012,5133012,MUFASSIL,SAMASTIPUR,SAMASTIPUR,territorial,25.8596,85.7802,BH-5133024,spatial-only,0.364
BH-PS-5133013,5133013,SHAHPUR PATORI,SAMASTIPUR,SAMASTIPUR,territorial,25.6366,85.5811,BH-5133004,spatial-only,0.632
BH-PS-5133014,5133014,SARAI RANJAN,SAMASTIPUR,SAMASTIPUR,territorial,25.7607,85.7171,BH-5133014,spatial+name,1.0
BH-PS-5133015,5133015,SINGHIA,SAMASTIPUR,SAMASTIPUR,territorial,25.8413,86.2117,BH-5133015,spatial+name,1.0
BH-PS-5133016,5133016,TAJPUR,SAMASTIPUR,SAMASTIPUR,territorial,25.8559,85.6673,BH-5133016,spatial+name,1.0
BH-PS-5133017,5133017,UJIYARPUR,SAMASTIPUR,SAMASTIPUR,territorial,25.7813,85.8014,BH-5133017,spatial+name,1.0
BH-PS-5133018,5133018,WARIS NAGAR,SAMASTIPUR,SAMASTIPUR,territorial,25.9357,85.8704,BH-5133018,spatial+name,1.0
BH-PS-5133019,5133019,HATHAURI,SAMASTIPUR,SAMASTIPUR,territorial,25.985,85.9697,,district-conflict,0.0
BH-PS-5133020,5133020,VIBHUTIPUR,SAMASTIPUR,SAMASTIPUR,territorial,25.73159,85.975607,BH-5133020,spatial+name,0.9
BH-PS-5133021,5133021,KHANPUR,SAMASTIPUR,SAMASTIPUR,territorial,25.8568,85.9439,BH-5133021,spatial+name,1.0
BH-PS-5133022,5133022,PUSA,SAMASTIPUR,SAMASTIPUR,territorial,25.9845,85.6745,BH-5133022,spatial+name,1.0
BH-PS-5133024,5133024,NAGAR,SAMASTIPUR,SAMASTIPUR,territorial,25.8612,85.7689,BH-5133024,spatial-only,0.3
BH-PS-5133028,5133028,MAHILA,SAMASTIPUR,SAMASTIPUR,mahila,25.8255,85.6981,,located-in-BH-5133008-not-mapped,0.444
BH-PS-5133029,5133029,VIDHYAPATI NAGAR,SAMASTIPUR,SAMASTIPUR,territorial,25.6036,85.8014,BH-5133029,spatial+name,0.966
BH-PS-5133033,5133033,Bangra,SAMASTIPUR,SAMASTIPUR,territorial,25.881133,85.643234,BH-5133023,spatial+name,1.0
BH-PS-5133034,5133034,Samastipur Prohibition,SAMASTIPUR,SAMASTIPUR,prohibition,25.85752,85.783163,,located-in-BH-5133024-not-mapped,0.611
BH-PS-5123001,5123001,AMNAUR,SARAN,SARAN,territorial,25.9749,84.9258,BH-5123001,spatial+name,0.833
BH-PS-5123002,5123002,EKMA,SARAN,SARAN,territorial,25.9667,84.5385,BH-5123002,spatial+name,1.0
BH-PS-5123004,5123004,NAGAR,SARAN,SARAN,territorial,25.902,84.7562,BH-5123003,spatial-only,0.8
BH-PS-5123005,5123005,MUFASSIL,SARAN,SARAN,territorial,25.7882,84.7743,BH-5123004,spatial-only,0.125
BH-PS-5123006,5123006,BHAGWAN BAZAAR,SARAN,SARAN,territorial,25.7796,84.7499,BH-5123004,spatial-only,0.381
BH-PS-5123007,5123007,RIVIL GANJ,SARAN,SARAN,territorial,25.78,84.67,BH-5123007,spatial+name,0.889
BH-PS-5123008,5123008,MANJHI,SARAN,SARAN,territorial,25.8386,84.5792,BH-5123008,spatial+name,1.0
BH-PS-5123009,5123009,MAKER,SARAN,SARAN,territorial,25.9593,85.0311,BH-5123009,spatial+name,1.0
BH-PS-5123010,5123010,DAUDPUR,SARAN,SARAN,territorial,25.9072,84.5907,BH-5123010,spatial+name,1.0
BH-PS-5123013,5123013,DORIGANJ,SARAN,SARAN,territorial,25.7416,84.824,BH-5123013,spatial+name,1.0
BH-PS-5123014,5123014,ISUAPUR,SARAN,SARAN,territorial,26.0245,84.798,BH-5123014,spatial+name,0.857
BH-PS-5123020,5123020,BANIAPUR,SARAN,SARAN,territorial,25.9976,84.689,BH-5123020,spatial+name,1.0
BH-PS-5123021,5123021,DIGHWARA,SARAN,SARAN,territorial,25.7459,85,BH-5123021,spatial+name,1.0
BH-PS-5123023,5123023,DARIAPUR,SARAN,SARAN,territorial,25.7978,85.0364,BH-5123023,spatial+name,1.0
BH-PS-5123026,5123026,JANTA BAZAAR,SARAN,SARAN,territorial,26.06,84.6093,BH-5123026,spatial-only,0.69
BH-PS-5123027,5123027,KOPA,SARAN,SARAN,territorial,25.8375,84.622,BH-5123007,spatial-only,0.154
BH-PS-5123028,5123028,GARKHA,SARAN,SARAN,territorial,25.8309,84.8615,BH-5123028,spatial+name,1.0
BH-PS-5123031,5123031,JALALPUR,SARAN,SARAN,territorial,25.9024,84.6965,BH-5123031,spatial+name,1.0
BH-PS-5123034,5123034,MASHRAKH,SARAN,SARAN,territorial,26.1056,84.8031,BH-5123034,spatial+name,0.923
BH-PS-5123035,5123035,NAYAGAON,SARAN,SARAN,territorial,25.762,85.0922,BH-5123035,spatial+name,0.875
BH-PS-5123036,5123036,PANAPUR,SARAN,SARAN,territorial,26.1315,84.853,BH-5123036,spatial+name,1.0
BH-PS-5123045,5123045,BHELDI,SARAN,SARAN,territorial,25.9007,84.9557,BH-5123045,spatial+name,1.0
BH-PS-5123046,5123046,KHAIRA,SARAN,SARAN,territorial,25.8779,84.7538,BH-5123003,spatial-only,0.6
BH-PS-5123055,5123055,PARSA,SARAN,SARAN,territorial,25.886,85.0273,BH-5123055,spatial+name,1.0
BH-PS-5123056,5123056,RASULPUR,SARAN,SARAN,territorial,26.0033,84.5024,BH-5123056,spatial+name,1.0
BH-PS-5123067,5123067,SONEPUR,SARAN,SARAN,territorial,25.6964,85.1708,BH-5123067,spatial+name,1.0
BH-PS-5123070,5123070,TARAIYA,SARAN,SARAN,territorial,26.0689,84.8887,BH-5123070,spatial+name,1.0
BH-PS-5123071,5123071,MARHAURA,SARAN,SARAN,territorial,25.9692,84.8627,BH-5123071,spatial+name,1.0
BH-PS-5123072,5123072,AVTAR NAGAR,SARAN,SARAN,territorial,25.7648,84.957,BH-5123072,spatial+name,1.0
BH-PS-5123073,5123073,DERHNI,SARAN,SARAN,territorial,25.8361,84.9788,BH-5123073,spatial+name,0.909
BH-PS-5123076,5123076,Sahajitpur,SARAN,SARAN,territorial,26.0399,84.6884,BH-5123076,spatial+name,1.0
BH-PS-5804001,5804001,ARIARI,SHEIKHPURA,SHEIKHPURA,territorial,25.0706,85.8611,BH-5804001,spatial+name,1.0
BH-PS-5804013,5804013,CHEBADA,SHEIKHPURA,SHEIKHPURA,territorial,25.0746,85.9326,BH-5804013,spatial-only,0.714
BH-PS-5804014,5804014,KARANDE,SHEIKHPURA,SHEIKHPURA,territorial,25.027221,85.937622,BH-5804014,spatial+name,1.0
BH-PS-5804025,5804025,MEHUSH,SHEIKHPURA,SHEIKHPURA,territorial,25.2006,85.8325,BH-5804025,spatial+name,0.909
BH-PS-5804036,5804036,KORMA,SHEIKHPURA,SHEIKHPURA,territorial,25.1893,85.8806,BH-5804025,spatial-only,0.2
BH-PS-5804042,5804042,JAIRAMPUR MORE,SHEIKHPURA,SHEIKHPURA,territorial,25.232,85.7151,BH-5804042,spatial-only,0.818
BH-PS-5804043,5804043,MAHILA,SHEIKHPURA,SHEIKHPURA,mahila,25.1319,85.8478,,located-in-BH-5804046-not-mapped,0.133
BH-PS-5804044,5804044,SC/ST,SHEIKHPURA,SHEIKHPURA,sc_st,25.1319,85.8478,,located-in-BH-5804046-not-mapped,0.154
BH-PS-5804045,5804045,BARBIGHA,SHEIKHPURA,SHEIKHPURA,territorial,25.2167,85.7382,BH-5804045,spatial+name,1.0
BH-PS-5804046,5804046,SHEIKHPURA,SHEIKHPURA,SHEIKHPURA,territorial,25.1323,85.845,BH-5804046,spatial+name,1.0
BH-PS-5804050,5804050,SHEIKHOPUR SARAI,SHEIKHPURA,SHEIKHPURA,territorial,25.1269,85.6882,BH-5804050,spatial+name,0.963
BH-PS-5804053,5804053,Sheikhpura Prohibition,SHEIKHPURA,SHEIKHPURA,prohibition,25.132809,85.850578,,located-in-BH-5804046-not-mapped,0.621
BH-PS-5801011,5801011,PIPRAHI,SHEOHAR,SHEOHAR,territorial,26.5674,85.3132,BH-5801011,spatial+name,1.0
BH-PS-5801016,5801016,SHEOHAR,SHEOHAR,SHEOHAR,territorial,26.5163,85.2962,BH-5801016,spatial+name,1.0
BH-PS-5801019,5801019,PURNAHIA,SHEOHAR,SHEOHAR,territorial,26.6211,85.3256,BH-5801019,spatial+name,1.0
BH-PS-5801020,5801020,MAHILA,SHEOHAR,SHEOHAR,mahila,26.5163,85.2962,,located-in-BH-5801016-not-mapped,0.154
BH-PS-5801021,5801021,SC/ST,SHEOHAR,SHEOHAR,sc_st,26.5163,85.2962,,located-in-BH-5801016-not-mapped,0.182
BH-PS-5801024,5801024,SHYAMPUR BHATAHA,SHEOHAR,SHEOHAR,territorial,26.4587,85.2418,BH-5801024,spatial+name,0.933
BH-PS-5801030,5801030,TARIYANI,SHEOHAR,SHEOHAR,territorial,26.3879,85.3106,BH-5801030,spatial+name,1.0
BH-PS-5801034,5801034,Tariyani Chhapra,SHEOHAR,SHEOHAR,territorial,26.3879,85.3106,BH-5801030,spatial-only,0.7
BH-PS-5801036,5801036,Sheohar Prohibition,SHEOHAR,SHEOHAR,prohibition,26.51521,85.28533,,located-in-BH-5801016-not-mapped,0.56
BH-PS-5138001,5138001,NANPUR,SITAMARHI,SITAMARHI,territorial,26.4409,85.6653,BH-5138001,spatial+name,1.0
BH-PS-5138004,5138004,BELA,SITAMARHI,SITAMARHI,territorial,26.7895,85.728,BH-5138020,spatial-only,0.182
BH-PS-5138005,5138005,BAIRGANIA,SITAMARHI,SITAMARHI,territorial,26.7421,85.271,BH-5138005,spatial+name,1.0
BH-PS-5138006,5138006,BATHNAHA,SITAMARHI,SITAMARHI,territorial,26.6333,85.5725,BH-5138006,spatial+name,1.0
BH-PS-5138007,5138007,BELSAND,SITAMARHI,SITAMARHI,territorial,26.4381,85.3859,BH-5138007,spatial+name,1.0
BH-PS-5138008,5138008,KANHAULI,SITAMARHI,SITAMARHI,territorial,26.7999,85.5226,BH-5138018,spatial-only,0.25
BH-PS-5138009,5138009,MAJORGANJ,SITAMARHI,SITAMARHI,territorial,26.6377,85.4239,BH-5138012,spatial-only,0.462
BH-PS-5138010,5138010,PUPRI,SITAMARHI,SITAMARHI,territorial,26.4652,85.7014,BH-5138010,spatial+name,1.0
BH-PS-5138012,5138012,RIGA,SITAMARHI,SITAMARHI,territorial,26.6377,85.4239,BH-5138012,spatial+name,1.0
BH-PS-5138013,5138013,RUNNI SAIDPUR,SITAMARHI,SITAMARHI,territorial,26.3898,85.5053,BH-5138013,spatial+name,1.0
BH-PS-5138014,5138014,DUMRA,SITAMARHI,SITAMARHI,territorial,26.5624,85.5211,BH-5138014,spatial+name,1.0
BH-PS-5138015,5138015,SITAMARHI,SITAMARHI,SITAMARHI,territorial,26.599,85.4949,BH-5138012,spatial-only,0.308
BH-PS-5138017,5138017,SURSAND,SITAMARHI,SITAMARHI,territorial,26.6511,85.7191,BH-5138017,spatial+name,1.0
BH-PS-5138018,5138018,SONBARSA,SITAMARHI,SITAMARHI,territorial,26.843,85.5791,BH-5138018,spatial+name,1.0
BH-PS-5138020,5138020,PARIHAR,SITAMARHI,SITAMARHI,territorial,26.7123,85.6807,BH-5138020,spatial+name,1.0
BH-PS-5138021,5138021,PARSAUNI,SITAMARHI,SITAMARHI,territorial,26.5021,85.4082,BH-5138021,spatial+name,1.0
BH-PS-5138025,5138025,BAJPATTI,SITAMARHI,SITAMARHI,territorial,26.5528,85.62,BH-5138025,spatial+name,1.0
BH-PS-5138028,5138028,SAHIYARA,SITAMARHI,SITAMARHI,territorial,26.7161,85.4914,BH-5138006,spatial-only,0.4
BH-PS-5138033,5138033,Choraut,SITAMARHI,SITAMARHI,territorial,26.5309,85.794,BH-5138010,spatial-only,0.167
BH-PS-5138035,5138035,Mahindwara,SITAMARHI,SITAMARHI,territorial,26.3378,85.3928,BH-5138013,spatial-only,0.381
BH-PS-5138036,5138036,Punaura,SITAMARHI,SITAMARHI,territorial,26.564,85.5238,BH-5138014,spatial-only,0.5
BH-PS-5138037,5138037,Suppi,SITAMARHI,SITAMARHI,territorial,26.7004,85.3484,BH-5138009,spatial-only,0.0
BH-PS-5138038,5138038,Sitamarhi Prohibition,SITAMARHI,SITAMARHI,prohibition,26.564295,85.520023,,located-in-BH-5138014-not-mapped,0.08
BH-PS-5135001,5135001,AANDAR,SIWAN,SIWAN,territorial,26.1024,84.2893,BH-5135001,spatial-only,0.8
BH-PS-5135002,5135002,ASAWN,SIWAN,SIWAN,territorial,26.1014,84.2877,BH-5135001,spatial-only,0.4
BH-PS-5135004,5135004,JEERADEI,SIWAN,SIWAN,territorial,26.2206,84.2565,BH-5135004,spatial+name,1.0
BH-PS-5135005,5135005,GAUTAM BUDDHA NAGAR,SIWAN,SIWAN,territorial,26.2003,84.4859,BH-5135005,spatial-only,0.609
BH-PS-5135006,5135006,BARHARIA,SIWAN,SIWAN,territorial,26.2322,84.3708,BH-5135016,spatial-only,0.5
BH-PS-5135007,5135007,BASANTPUR,SIWAN,SIWAN,territorial,26.1725,84.6623,BH-5135007,spatial+name,1.0
BH-PS-5135008,5135008,BHAGWANPUR,SIWAN,SIWAN,territorial,26.0882,84.6789,BH-5135007,spatial-only,0.737
BH-PS-5135010,5135010,DARAULI,SIWAN,SIWAN,territorial,26.0783,84.1309,BH-5135010,spatial+name,1.0
BH-PS-5135012,5135012,DARAUNDA,SIWAN,SIWAN,territorial,26.1066,84.4968,BH-5135020,spatial-only,0.421
BH-PS-5135013,5135013,GUTHANI,SIWAN,SIWAN,territorial,26.1648,84.0385,BH-5135013,spatial+name,1.0
BH-PS-5135014,5135014,GORIAKOTHI,SIWAN,SIWAN,territorial,26.2563,84.6034,BH-5135014,spatial+name,0.9
BH-PS-5135017,5135017,HUSAINGANJ,SIWAN,SIWAN,territorial,26.1429,84.3233,BH-5135017,spatial+name,1.0
BH-PS-5135019,5135019,JAMO BAZAAR,SIWAN,SIWAN,territorial,26.3079,84.5668,BH-5135019,spatial-only,0.615
BH-PS-5135020,5135020,MAHARAJGANJ,SIWAN,SIWAN,territorial,26.1068,84.4967,BH-5135020,spatial+name,1.0
BH-PS-5135021,5135021,MAIRWAN,SIWAN,SIWAN,territorial,26.2372,84.1494,BH-5135021,spatial+name,0.923
BH-PS-5135022,5135022,NAUTAN,SIWAN,SIWAN,territorial,26.328,84.216,BH-5135022,spatial+name,1.0
BH-PS-5135023,5135023,PANCHRUKHI,SIWAN,SIWAN,territorial,26.1601,84.4154,BH-5135023,spatial+name,0.941
BH-PS-5135025,5135025,RAGHUNATHPUR,SIWAN,SIWAN,territorial,26.0014,84.2744,BH-5135025,spatial+name,1.0
BH-PS-5135026,5135026,NAGAR,SIWAN,SIWAN,territorial,26.2234,84.3588,BH-5135027,spatial-only,0.167
BH-PS-5135027,5135027,MUFASSIL,SIWAN,SIWAN,territorial,26.2271,84.3531,BH-5135027,spatial+name,1.0
BH-PS-5135028,5135028,SISWAN,SIWAN,SIWAN,territorial,25.9407,84.3976,BH-5135028,spatial+name,1.0
BH-PS-5135029,5135029,MAHILA,SIWAN,SIWAN,mahila,26.2234,84.3588,,located-in-BH-5135027-not-mapped,0.615
BH-PS-5135030,5135030,SC/ST,SIWAN,SIWAN,sc_st,26.2191,84.3673,,located-in-BH-5135027-not-mapped,0.182
BH-PS-5135031,5135031,Siwan Prohibition,SIWAN,SIWAN,prohibition,26.22934,84.35656,,located-in-BH-5135027-not-mapped,0.174
BH-PS-5800007,5800007,BIRPUR,SUPAUL,SUPAUL,territorial,26.515,87.0099,BH-5800007,spatial+name,1.0
BH-PS-5800010,5800010,CHHATAPUR,SUPAUL,SUPAUL,territorial,26.2119,87.0078,BH-5800010,spatial+name,1.0
BH-PS-5800013,5800013,JADIA,SUPAUL,SUPAUL,territorial,26.1022,86.9906,BH-5800013,spatial+name,1.0
BH-PS-5800014,5800014,KARJAIN,SUPAUL,SUPAUL,territorial,26.392,86.8913,BH-5800014,spatial+name,1.0
BH-PS-5800016,5800016,KISHANPUR,SUPAUL,SUPAUL,territorial,26.2131,86.6864,BH-5800016,spatial+name,1.0
BH-PS-5800018,5800018,BALUA BAZAAR,SUPAUL,SUPAUL,territorial,26.4229,87.0222,BH-5800018,spatial+name,0.947
BH-PS-5800019,5800019,BHIMPUR,SUPAUL,SUPAUL,territorial,26.3441,87.0497,BH-5800019,spatial+name,1.0
BH-PS-5800022,5800022,KUNAULI,SUPAUL,SUPAUL,territorial,26.4469,86.774,BH-5800022,spatial+name,1.0
BH-PS-5800024,5800024,MARAUNA,SUPAUL,SUPAUL,territorial,26.3145,86.5718,BH-5800027,spatial-only,0.286
BH-PS-5800027,5800027,NIRMALI,SUPAUL,SUPAUL,territorial,26.3145,86.5718,BH-5800027,spatial+name,1.0
BH-PS-5800031,5800031,PIPRA,SUPAUL,SUPAUL,territorial,26.1628,86.7992,BH-5800031,spatial+name,1.0
BH-PS-5800032,5800032,PRATAPGANJ,SUPAUL,SUPAUL,territorial,26.3096,86.9638,BH-5800032,spatial+name,1.0
BH-PS-5800034,5800034,RAGHOPUR,SUPAUL,SUPAUL,territorial,26.3079,86.8453,BH-5800034,spatial+name,1.0
BH-PS-5800035,5800035,RATANPURA,SUPAUL,SUPAUL,territorial,26.4399,86.9171,BH-5800035,spatial+name,1.0
BH-PS-5800036,5800036,BHAPTIAHI SARAI,SUPAUL,SUPAUL,territorial,26.3032,86.738,BH-5800036,spatial-only,0.783
BH-PS-5800038,5800038,RIVERINE PS,SUPAUL,SUPAUL,territorial,26.112121,86.590918,BH-5800043,spatial-only,0.0
BH-PS-5800039,5800039,SC/ST,SUPAUL,SUPAUL,sc_st,26.111998,86.59092,,located-in-BH-5800043-not-mapped,0.2
BH-PS-5800043,5800043,SUPAUL,SUPAUL,SUPAUL,territorial,26.1197,86.5954,BH-5800043,spatial+name,1.0
BH-PS-5800048,5800048,TRIVENIGANJ,SUPAUL,SUPAUL,territorial,26.13,86.8933,BH-5800048,spatial+name,0.909
BH-PS-5800049,5800049,Supaul Prohibition,SUPAUL,SUPAUL,prohibition,26.123333,86.603833,,located-in-BH-5800043-not-mapped,0.522
BH-PS-5104001,5104001,BIDUPUR,VAISHALI,VAISHALI,territorial,25.6511,85.3269,BH-5104001,spatial+name,1.0
BH-PS-5104003,5104003,BALIGAON,VAISHALI,VAISHALI,territorial,25.5325,85.3468,BH-5104020,spatial-only,0.4
BH-PS-5104004,5104004,BHAGWANPUR,VAISHALI,VAISHALI,territorial,25.8475,85.2981,BH-5104004,spatial+name,1.0
BH-PS-5104005,5104005,DESHRI,VAISHALI,VAISHALI,territorial,25.4044,85.247,,district-conflict,0.0
BH-PS-5104006,5104006,GAOROL,VAISHALI,VAISHALI,territorial,26.0038,85.0818,,district-conflict,0.0
BH-PS-5104008,5104008,JANDAHA,VAISHALI,VAISHALI,territorial,25.5459,85.1847,,district-conflict,0.0
BH-PS-5104009,5104009,LALGANJ,VAISHALI,VAISHALI,territorial,25.8681,85.1786,BH-5104009,spatial+name,1.0
BH-PS-5104010,5104010,MAHUA,VAISHALI,VAISHALI,territorial,25.3433,85.0323,,district-conflict,0.0
BH-PS-5104011,5104011,HAJIPUR SADAR,VAISHALI,VAISHALI,territorial,25.7047,85.219,BH-5104011,spatial+name,1.0
BH-PS-5104012,5104012,PATEPUR,VAISHALI,VAISHALI,territorial,25.7525,85.5259,BH-5104040,spatial-only,0.267
BH-PS-5104013,5104013,MAHANAR,VAISHALI,VAISHALI,territorial,25.6086,85.4803,BH-5104013,spatial+name,0.923
BH-PS-5104014,5104014,KATARAHA,VAISHALI,VAISHALI,territorial,25.8214,85.2019,BH-5104014,spatial-only,0.75
BH-PS-5104015,5104015,VAISHALI,VAISHALI,VAISHALI,territorial,25.9748,85.1334,BH-5104015,spatial+name,1.0
BH-PS-5104017,5104017,JURAWANPUR,VAISHALI,VAISHALI,territorial,25.5181,85.4314,BH-5104017,spatial+name,1.0
BH-PS-5104018,5104018,GANGA BRIDGE,VAISHALI,VAISHALI,territorial,25.41,85.13,,district-conflict,0.0
BH-PS-5104020,5104020,RAGHOPUR,VAISHALI,VAISHALI,territorial,25.5683,85.3778,BH-5104017,spatial-only,0.588
BH-PS-5104021,5104021,RAJAPAKAR,VAISHALI,VAISHALI,territorial,25.4381,85.2047,,district-conflict,0.0
BH-PS-5104035,5104035,SARAI,VAISHALI,VAISHALI,territorial,25.4713,85.1633,,district-conflict,0.0
BH-PS-5104040,5104040,TISHIAUTA,VAISHALI,VAISHALI,territorial,25.4809,85.3044,,district-conflict,0.0
BH-PS-5104042,5104042,Vaishali Prohibition,VAISHALI,VAISHALI,prohibition,25.707313,85.223602,,located-in-BH-5104011-not-mapped,0.323
